amount,duration,payments,frequency,date_diff,card_type,no_orders,avg_order,avg_trans,avg_bal,no_of_trans,total_inhabitants,avg_unemp_rt,avg_crime_rt,avg_salary,age_at_loan,Gender_F,Gender_M,same_dist_N,same_dist_Y,loan_status
252060,60,4201,0.8204747774480712,232,0.7537091988130564,3,4194.73,6998.75,34002.08,444,1204953,0.36,0.077,12541,29,0,1,1,0,1
316140,60,5269,0.8204747774480712,683,0.7537091988130564,1,5269.0,3866.65,9629.35,414,1204953,0.36,0.077,12541,23,1,0,0,1,1
320976,48,6687,0.8204747774480712,251,0.1943620178041543,1,6687.0,13399.67,47205.48,301,1204953,0.36,0.077,12541,56,1,0,0,1,1
270648,36,7518,0.13353115727002968,307,0.7537091988130564,1,7518.0,7433.61,44437.71,408,1204953,0.36,0.077,12541,53,1,0,0,1,1
215388,36,5983,0.8204747774480712,156,0.7537091988130564,1,5983.0,7253.25,35553.19,399,1204953,0.36,0.077,12541,30,1,0,1,0,1
482940,60,8049,0.8204747774480712,477,0.7537091988130564,4,3957.5,3753.92,19822.55,598,1204953,0.36,0.077,12541,19,0,1,0,1,1
168984,24,7041,0.8204747774480712,571,0.7537091988130564,1,7040.7,10103.73,63229.36,499,1204953,0.36,0.077,12541,15,1,0,0,1,1
137904,24,5746,0.8204747774480712,129,0.7537091988130564,1,5746.0,5014.36,10176.76,215,75637,0.52,0.046,9622,24,1,0,0,1,1
260640,36,7240,0.8204747774480712,490,0.7537091988130564,5,4012.8,8910.68,48178.84,352,58400,1.175,0.019,8620,48,0,1,0,1,1
60156,36,1671,0.8204747774480712,230,0.7537091988130564,3,2392.0,8003.18,38553.85,281,93931,1.33,0.02,8427,15,1,0,0,1,1
196800,24,8200,0.8204747774480712,199,0.7537091988130564,1,8200.2,17553.45,58574.13,159,112065,1.345,0.045,11277,37,0,1,0,1,1
333648,48,6951,0.8204747774480712,311,0.7537091988130564,3,5243.27,10303.0,49787.86,267,177686,1.565,0.036000000000000004,10045,21,0,1,0,1,1
174744,24,7281,0.8204747774480712,163,0.7537091988130564,1,7281.3,10178.94,45002.22,458,122603,1.7,0.043,8991,45,0,1,0,1,1
49320,12,4110,0.04599406528189911,167,0.7537091988130564,3,5457.33,9737.57,49615.36,533,122603,1.7,0.043,8991,48,0,1,0,1,1
357840,48,7455,0.8204747774480712,102,0.7537091988130564,3,5043.0,10057.35,31241.49,80,387570,1.78,0.048,9897,56,0,1,0,1,1
208128,48,4336,0.8204747774480712,439,0.1943620178041543,1,4335.8,9284.46,45511.25,406,387570,1.78,0.048,9897,39,1,0,0,1,1
84600,36,2350,0.8204747774480712,188,0.7537091988130564,1,2349.5,12677.08,57086.61,189,387570,1.78,0.048,9897,55,1,0,0,1,1
473280,60,7888,0.8204747774480712,254,0.7537091988130564,1,7887.7,8347.04,44964.87,168,387570,1.78,0.048,9897,30,0,1,0,1,1
75624,24,3151,0.8204747774480712,196,0.7537091988130564,1,3151.3,9714.77,38446.59,453,387570,1.78,0.048,9897,31,1,0,0,1,1
30276,12,2523,0.8204747774480712,388,0.7537091988130564,1,2523.2,5199.72,16253.07,303,103347,1.79,0.023,9104,57,0,1,0,1,1
30276,12,2523,0.8204747774480712,388,0.7537091988130564,1,2523.2,4177.47,16124.03,377,103347,1.79,0.023,9104,57,0,1,0,1,1
293880,60,4898,0.13353115727002968,531,0.02225519287833828,1,4898.2,12916.33,55195.54,224,197099,1.955,0.022000000000000002,9624,22,0,1,0,1,1
460980,60,7683,0.8204747774480712,181,0.7537091988130564,1,7683.2,7604.6,24349.23,101,75232,2.08,0.037000000000000005,8980,33,0,1,0,1,1
66696,24,2779,0.8204747774480712,239,0.7537091988130564,1,2778.7,9366.16,28485.72,149,75232,2.08,0.037000000000000005,8980,30,0,1,0,1,1
137880,60,2298,0.13353115727002968,486,0.7537091988130564,1,2298.2,6432.7,33760.89,402,78955,2.11,0.021,9060,28,1,0,1,0,1
71976,24,2999,0.04599406528189911,546,0.7537091988130564,1,2999.3,10428.29,45866.52,303,161854,2.11,0.025,9425,28,1,0,0,1,1
63972,36,1777,0.04599406528189911,115,0.7537091988130564,1,1776.7,5423.37,21967.03,104,157042,2.155,0.024,8743,46,1,0,0,1,1
99696,48,2077,0.8204747774480712,646,0.7537091988130564,1,2077.0,11360.43,54881.74,429,88757,2.575,0.023,8554,24,0,1,1,0,1
103680,60,1728,0.8204747774480712,604,0.7537091988130564,1,1728.0,4089.8,21089.56,355,95907,2.675,0.017,8388,20,1,0,0,1,1
272220,60,4537,0.8204747774480712,320,0.7537091988130564,3,5574.1,7464.07,35173.1,214,170449,2.865,0.036000000000000004,10787,51,0,1,0,1,1
290700,60,4845,0.8204747774480712,392,0.7537091988130564,1,4845.0,10213.5,51671.24,315,139012,3.005,0.019,8363,37,0,1,0,1,1
61656,24,2569,0.13353115727002968,167,0.7537091988130564,5,1841.56,7170.59,43681.7,333,53921,3.015,0.032,8598,42,0,1,0,1,1
307200,60,5120,0.8204747774480712,374,0.7537091988130564,1,5120.2,10391.47,31669.12,173,107911,3.045,0.017,8240,31,1,0,0,1,1
318480,60,5308,0.8204747774480712,422,0.7537091988130564,4,2576.38,7293.49,37547.42,130,70646,3.145,0.022000000000000002,8547,42,1,0,0,1,1
192552,24,8023,0.13353115727002968,440,0.7537091988130564,1,8022.8,9353.36,37400.67,379,70646,3.145,0.022000000000000002,8547,31,0,1,0,1,1
128988,36,3583,0.13353115727002968,551,0.7537091988130564,1,3583.0,10054.09,43608.41,308,70646,3.145,0.022000000000000002,8547,53,1,0,0,1,1
222180,60,3703,0.8204747774480712,382,0.7537091988130564,1,3702.8,7408.9,34328.69,196,45714,3.21,0.019,8843,54,1,0,0,1,1
265320,36,7370,0.8204747774480712,636,0.7537091988130564,1,7370.2,9268.93,48288.87,185,105606,3.275,0.021,8254,26,1,0,0,1,1
277884,36,7719,0.8204747774480712,693,0.7537091988130564,1,7718.7,8637.75,33307.29,269,105606,3.275,0.021,8254,16,0,1,0,1,1
253512,36,7042,0.13353115727002968,213,0.7537091988130564,1,7042.0,8215.26,31399.73,200,108871,3.355,0.023,8444,51,0,1,0,1,1
87216,48,1817,0.8204747774480712,192,0.7537091988130564,1,1817.3,3824.31,17821.63,502,58796,3.365,0.032,9045,26,1,0,0,1,1
57360,12,4780,0.8204747774480712,313,0.7537091988130564,4,3008.0,6726.55,27610.5,249,77963,3.485,0.037000000000000005,8546,36,1,0,0,1,1
464520,60,7742,0.13353115727002968,257,0.7537091988130564,1,7741.8,10133.12,37420.93,441,77963,3.485,0.037000000000000005,8546,53,0,1,1,0,1
360864,48,7518,0.13353115727002968,374,0.7537091988130564,1,7518.0,11366.44,44138.92,220,77963,3.485,0.037000000000000005,8546,20,0,1,0,1,1
96396,12,8033,0.13353115727002968,105,0.7537091988130564,1,8033.2,10195.76,44264.54,403,94812,3.525,0.031,9650,46,0,1,0,1,1
139464,36,3874,0.8204747774480712,396,0.7537091988130564,1,3873.7,7644.02,22738.48,171,182027,3.535,0.024,8746,34,1,0,0,1,1
66480,24,2770,0.13353115727002968,139,0.7537091988130564,1,2770.3,9752.95,31561.58,199,182027,3.535,0.024,8746,57,1,0,0,1,1
260400,60,4340,0.8204747774480712,557,0.7537091988130564,3,5407.0,9103.57,33174.54,232,182027,3.535,0.024,8746,47,0,1,0,1,1
407952,48,8499,0.8204747774480712,478,0.7537091988130564,1,8499.0,3185.88,14818.46,128,51428,3.555,0.02,8402,24,0,1,0,1,1
164052,36,4557,0.04599406528189911,367,0.7537091988130564,1,4557.2,9456.97,36316.49,389,51313,3.86,0.027000000000000003,8930,19,0,1,0,1,1
72408,24,3017,0.04599406528189911,126,0.7537091988130564,4,4468.92,7155.01,40908.09,287,51313,3.86,0.027000000000000003,8930,38,0,1,0,1,1
189696,24,7904,0.8204747774480712,134,0.7537091988130564,3,3861.6,10046.27,36164.12,339,110643,3.965,0.019,8441,25,0,1,0,1,1
76908,12,6409,0.8204747774480712,485,0.7537091988130564,1,6408.8,11575.65,46888.42,473,107870,4.07,0.036000000000000004,8754,48,0,1,1,0,1
465504,48,9698,0.8204747774480712,374,0.7537091988130564,5,3405.0,4491.12,18703.69,197,226122,4.295,0.042,8994,32,1,0,0,1,1
29448,12,2454,0.8204747774480712,119,0.7537091988130564,1,2454.5,4663.41,13411.6,221,226122,4.295,0.042,8994,45,1,0,0,1,1
68400,12,5700,0.8204747774480712,167,0.7537091988130564,1,5700.3,8930.86,33456.91,243,228848,4.405,0.025,9893,19,0,1,0,1,1
276660,36,7685,0.8204747774480712,314,0.7537091988130564,1,7685.0,3617.04,16486.47,391,124605,4.835,0.024,8772,41,1,0,0,1,1
129312,24,5388,0.8204747774480712,684,0.7537091988130564,1,5388.5,12308.35,43747.96,233,149893,4.845,0.037000000000000005,9753,24,0,1,0,1,1
94512,12,7876,0.8204747774480712,632,0.7537091988130564,1,7876.0,15059.54,34594.55,260,323870,5.095,0.057,10673,41,1,0,0,1,1
230220,36,6395,0.8204747774480712,356,0.7537091988130564,3,5281.27,6777.68,32238.66,452,323870,5.095,0.057,10673,52,0,1,0,1,1
151728,48,3161,0.8204747774480712,271,0.7537091988130564,1,3160.7,10353.19,47080.87,416,323870,5.095,0.057,10673,15,1,0,0,1,1
100800,24,4200,0.8204747774480712,469,0.7537091988130564,4,3898.8,4060.7,17675.37,142,102609,5.14,0.021,8187,55,1,0,0,1,1
36204,12,3017,0.8204747774480712,478,0.7537091988130564,1,3017.2,5035.86,26264.6,196,102609,5.14,0.021,8187,56,1,0,0,1,1
385560,60,6426,0.8204747774480712,424,0.7537091988130564,1,6426.3,8534.55,23113.34,158,102609,5.14,0.021,8187,38,1,0,0,1,1
51360,12,4280,0.8204747774480712,382,0.7537091988130564,1,4280.0,14682.24,47434.32,196,117897,5.25,0.018000000000000002,8814,52,0,1,0,1,1
187224,24,7801,0.8204747774480712,504,0.7537091988130564,1,7801.2,10410.83,43980.64,379,114200,5.73,0.021,8403,44,1,0,1,0,1
177744,48,3703,0.8204747774480712,511,0.1943620178041543,1,3702.8,9726.23,51253.59,427,161227,5.75,0.03,8678,19,1,0,1,0,1
299088,36,8308,0.8204747774480712,419,0.7537091988130564,3,4842.6,8654.49,34860.07,471,106054,6.16,0.03,8110,28,0,1,0,1,1
335184,48,6983,0.8204747774480712,401,0.7537091988130564,1,6983.3,12024.74,31331.27,134,106054,6.16,0.03,8110,20,0,1,0,1,1
247920,48,5165,0.8204747774480712,271,0.7537091988130564,1,5165.2,9098.56,48419.57,111,106054,6.16,0.03,8110,40,0,1,0,1,1
174744,24,7281,0.8204747774480712,452,0.02967359050445104,4,4619.58,8186.32,30541.96,530,125236,7.055,0.042,9675,16,0,1,1,0,1
541200,60,9020,0.8204747774480712,587,0.7537091988130564,5,2857.2,3142.57,6690.55,329,285387,7.19,0.035,10177,51,0,1,0,1,1
100224,48,2088,0.8204747774480712,125,0.7537091988130564,1,2088.0,3813.97,15865.91,267,285387,7.19,0.035,10177,39,0,1,0,1,1
59448,24,2477,0.8204747774480712,539,0.7537091988130564,1,2476.8,9646.73,48328.87,276,285387,7.19,0.035,10177,41,1,0,0,1,1
80952,24,3373,0.8204747774480712,313,0.7537091988130564,2,5319.35,6593.05,36540.7,478,1204953,0.36,0.077,12541,45,1,0,0,1,0
76944,12,6412,0.8204747774480712,535,0.1943620178041543,4,5075.25,9901.69,48722.66,281,1204953,0.36,0.077,12541,41,0,1,0,1,0
78936,12,6578,0.8204747774480712,273,0.7537091988130564,3,3374.67,3259.68,30917.35,499,1204953,0.36,0.077,12541,37,0,1,1,0,0
37944,36,1054,0.8204747774480712,594,0.1943620178041543,1,1054.0,9041.93,67825.29,169,1204953,0.36,0.077,12541,32,0,1,0,1,0
209040,24,8710,0.8204747774480712,355,0.02967359050445104,3,3920.67,6418.4,45958.46,92,1204953,0.36,0.077,12541,15,1,0,0,1,0
44952,24,1873,0.8204747774480712,433,0.7537091988130564,3,3128.6,8166.45,49927.9,216,1204953,0.36,0.077,12541,24,1,0,0,1,0
101520,12,8460,0.8204747774480712,245,0.7537091988130564,2,5964.0,5007.85,22391.5,185,1204953,0.36,0.077,12541,20,0,1,0,1,0
71460,36,1985,0.8204747774480712,240,0.02967359050445104,2,4624.5,7506.29,33956.62,228,1204953,0.36,0.077,12541,16,0,1,0,1,0
415800,60,6930,0.8204747774480712,286,0.7537091988130564,1,6930.0,12953.86,46116.73,189,1204953,0.36,0.077,12541,47,0,1,0,1,0
20196,36,561,0.8204747774480712,523,0.7537091988130564,2,3151.5,8081.11,55270.52,286,1204953,0.36,0.077,12541,21,1,0,0,1,0
24516,12,2043,0.8204747774480712,317,0.7537091988130564,1,2043.0,12940.83,55885.48,534,1204953,0.36,0.077,12541,31,1,0,0,1,0
428784,48,8933,0.8204747774480712,436,0.7537091988130564,4,3238.5,3644.06,19475.24,192,1204953,0.36,0.077,12541,58,1,0,0,1,0
136344,24,5681,0.8204747774480712,638,0.7537091988130564,2,6374.0,4816.75,34076.86,179,1204953,0.36,0.077,12541,34,0,1,0,1,0
268320,60,4472,0.8204747774480712,257,0.7537091988130564,3,4190.33,4333.39,18990.22,173,1204953,0.36,0.077,12541,45,0,1,0,1,0
31248,12,2604,0.8204747774480712,570,0.7537091988130564,1,2604.5,11484.25,60424.51,422,1204953,0.36,0.077,12541,56,0,1,0,1,0
77184,36,2144,0.8204747774480712,573,0.7537091988130564,1,2144.0,11790.42,47050.96,264,1204953,0.36,0.077,12541,42,0,1,0,1,0
276084,36,7669,0.8204747774480712,476,0.1943620178041543,5,2349.14,10670.77,59131.29,155,1204953,0.36,0.077,12541,35,0,1,0,1,0
271584,48,5658,0.8204747774480712,510,0.1943620178041543,1,5658.0,12413.42,66368.94,198,1204953,0.36,0.077,12541,17,1,0,0,1,0
76380,12,6365,0.8204747774480712,246,0.7537091988130564,4,3020.25,3044.82,17848.63,421,1204953,0.36,0.077,12541,38,0,1,0,1,0
18564,12,1547,0.8204747774480712,128,0.7537091988130564,2,2382.5,5503.64,54388.83,320,1204953,0.36,0.077,12541,32,0,1,0,1,0
74916,36,2081,0.8204747774480712,664,0.7537091988130564,3,4470.93,12611.07,58487.88,206,1204953,0.36,0.077,12541,52,1,0,0,1,0
63576,12,5298,0.8204747774480712,202,0.7537091988130564,1,5297.7,9966.86,57357.94,127,1204953,0.36,0.077,12541,38,0,1,0,1,0
212976,36,5916,0.8204747774480712,671,0.7537091988130564,2,7334.35,10934.23,47824.52,185,1204953,0.36,0.077,12541,25,0,1,0,1,0
66696,24,2779,0.8204747774480712,110,0.1943620178041543,2,7519.35,14029.17,75595.63,124,1204953,0.36,0.077,12541,18,1,0,0,1,0
258444,36,7179,0.13353115727002968,205,0.7537091988130564,1,7178.8,10195.77,56216.58,206,1204953,0.36,0.077,12541,26,1,0,0,1,0
165168,36,4588,0.8204747774480712,461,0.1943620178041543,3,5981.17,8620.77,46892.64,253,1204953,0.36,0.077,12541,39,0,1,0,1,0
323472,48,6739,0.8204747774480712,415,0.1943620178041543,2,4873.35,9866.77,48719.46,453,1204953,0.36,0.077,12541,54,0,1,0,1,0
99216,36,2756,0.8204747774480712,443,0.7537091988130564,2,6438.0,12802.76,58031.57,99,1204953,0.36,0.077,12541,48,0,1,0,1,0
31176,24,1299,0.8204747774480712,173,0.7537091988130564,3,3285.0,5959.42,34951.46,303,1204953,0.36,0.077,12541,24,1,0,0,1,0
61056,48,1272,0.8204747774480712,347,0.7537091988130564,3,2495.0,4734.44,33080.65,459,1204953,0.36,0.077,12541,37,0,1,1,0,0
11736,24,489,0.8204747774480712,528,0.7537091988130564,4,2365.0,5635.81,34715.78,580,1204953,0.36,0.077,12541,52,1,0,0,1,0
5148,12,429,0.8204747774480712,446,0.7537091988130564,2,4475.0,7497.5,40547.79,126,1204953,0.36,0.077,12541,35,0,1,0,1,0
110136,24,4589,0.8204747774480712,553,0.7537091988130564,2,4740.1,10719.85,48492.1,244,1204953,0.36,0.077,12541,39,0,1,0,1,0
34572,12,2881,0.8204747774480712,228,0.7537091988130564,1,2881.0,9941.23,49152.76,145,1204953,0.36,0.077,12541,20,0,1,0,1,0
390660,60,6511,0.8204747774480712,308,0.02967359050445104,2,8632.85,14761.07,68033.45,224,1204953,0.36,0.077,12541,19,0,1,0,1,0
100260,60,1671,0.8204747774480712,684,0.1943620178041543,1,1671.0,10793.66,52747.2,186,1204953,0.36,0.077,12541,26,1,0,0,1,0
17184,12,1432,0.8204747774480712,310,0.7537091988130564,4,1356.0,3228.95,32435.25,256,1204953,0.36,0.077,12541,53,0,1,0,1,0
234336,48,4882,0.8204747774480712,659,0.7537091988130564,4,4353.12,8017.96,40076.48,223,1204953,0.36,0.077,12541,27,0,1,0,1,0
48672,36,1352,0.8204747774480712,415,0.7537091988130564,5,850.0,1315.57,18803.08,567,1204953,0.36,0.077,12541,47,0,1,1,0,0
203940,60,3399,0.8204747774480712,358,0.7537091988130564,2,4754.5,8350.81,43275.1,149,1204953,0.36,0.077,12541,44,0,1,0,1,0
80952,24,3373,0.8204747774480712,313,0.7537091988130564,2,5319.35,6605.89,35557.5,478,1204953,0.36,0.077,12541,45,1,0,0,1,0
31728,24,1322,0.8204747774480712,568,0.7537091988130564,2,3671.0,4838.52,35077.34,433,1204953,0.36,0.077,12541,41,1,0,0,1,0
94488,24,3937,0.8204747774480712,243,0.7537091988130564,3,4265.77,10876.4,61186.58,258,1204953,0.36,0.077,12541,35,1,0,0,1,0
91584,24,3816,0.8204747774480712,211,0.7537091988130564,1,3816.0,11498.81,48070.33,366,1204953,0.36,0.077,12541,43,0,1,1,0,0
140400,36,3900,0.8204747774480712,392,0.1943620178041543,1,3900.5,12672.65,62794.68,442,1204953,0.36,0.077,12541,49,1,0,1,0,0
208320,48,4340,0.13353115727002968,479,0.7537091988130564,1,4340.0,9533.83,41532.32,416,1204953,0.36,0.077,12541,26,0,1,1,0,0
247728,48,5161,0.13353115727002968,215,0.02967359050445104,3,3934.73,7587.21,48589.13,339,1204953,0.36,0.077,12541,13,1,0,0,1,0
288360,60,4806,0.04599406528189911,107,0.7537091988130564,1,4806.5,6030.21,37991.87,337,1204953,0.36,0.077,12541,55,1,0,0,1,0
88272,48,1839,0.8204747774480712,399,0.7537091988130564,2,4598.15,3912.76,15259.59,192,1204953,0.36,0.077,12541,18,0,1,0,1,0
74352,24,3098,0.8204747774480712,559,0.7537091988130564,2,5097.5,10743.86,49900.94,191,1204953,0.36,0.077,12541,40,0,1,0,1,0
125340,60,2089,0.13353115727002968,476,0.7537091988130564,2,2900.9,9901.12,65644.52,471,1204953,0.36,0.077,12541,48,1,0,0,1,0
566640,60,9444,0.8204747774480712,308,0.7537091988130564,5,3443.2,4270.25,37751.48,200,1204953,0.36,0.077,12541,26,0,1,0,1,0
70656,48,1472,0.8204747774480712,273,0.7537091988130564,2,3871.0,4368.28,26800.23,263,1204953,0.36,0.077,12541,40,1,0,0,1,0
38148,12,3179,0.8204747774480712,171,0.7537091988130564,4,4403.0,5386.02,39267.01,611,1204953,0.36,0.077,12541,29,0,1,0,1,0
321936,48,6707,0.8204747774480712,693,0.7537091988130564,3,4718.67,4143.29,35405.3,206,1204953,0.36,0.077,12541,37,0,1,0,1,0
39576,12,3298,0.8204747774480712,522,0.02967359050445104,3,5602.77,8694.95,64095.11,643,1204953,0.36,0.077,12541,14,0,1,1,0,0
99936,24,4164,0.8204747774480712,590,0.1943620178041543,3,3635.0,8033.49,63444.43,347,1204953,0.36,0.077,12541,31,0,1,0,1,0
120888,36,3358,0.13353115727002968,496,0.7537091988130564,2,3291.5,6206.53,39186.99,431,1204953,0.36,0.077,12541,50,0,1,0,1,0
36396,12,3033,0.13353115727002968,671,0.7537091988130564,2,4076.0,9881.05,53966.39,454,1204953,0.36,0.077,12541,19,1,0,1,0,0
228276,36,6341,0.8204747774480712,166,0.7537091988130564,1,6341.0,6025.83,36799.78,167,1204953,0.36,0.077,12541,31,1,0,0,1,0
157068,36,4363,0.8204747774480712,245,0.7537091988130564,2,5798.35,11534.26,52712.79,88,1204953,0.36,0.077,12541,27,0,1,0,1,0
76416,24,3184,0.8204747774480712,669,0.7537091988130564,3,5956.1,6509.83,40070.96,530,1204953,0.36,0.077,12541,53,1,0,0,1,0
279072,48,5814,0.13353115727002968,611,0.7537091988130564,1,5813.5,12456.66,42764.55,143,1204953,0.36,0.077,12541,25,1,0,0,1,0
36168,12,3014,0.8204747774480712,202,0.7537091988130564,4,3953.12,5208.0,30307.7,382,1204953,0.36,0.077,12541,30,1,0,0,1,0
218064,48,4543,0.8204747774480712,241,0.1943620178041543,3,5441.57,8411.59,52006.02,133,1204953,0.36,0.077,12541,54,0,1,0,1,0
77808,12,6484,0.8204747774480712,117,0.7537091988130564,1,6483.7,11947.69,54901.3,144,1204953,0.36,0.077,12541,38,1,0,0,1,0
231696,36,6436,0.13353115727002968,476,0.7537091988130564,4,4152.75,9992.61,44400.91,470,1204953,0.36,0.077,12541,18,1,0,0,1,0
194280,60,3238,0.8204747774480712,426,0.1943620178041543,5,1519.0,5957.95,47123.98,208,1204953,0.36,0.077,12541,25,1,0,0,1,0
45720,12,3810,0.8204747774480712,415,0.7537091988130564,3,2487.33,9059.65,38910.12,149,1204953,0.36,0.077,12541,19,0,1,0,1,0
197808,24,8242,0.8204747774480712,125,0.1943620178041543,2,7455.9,17554.73,67736.73,116,1204953,0.36,0.077,12541,35,0,1,0,1,0
68832,36,1912,0.8204747774480712,330,0.7537091988130564,2,3673.5,6292.37,36905.75,245,1204953,0.36,0.077,12541,33,1,0,0,1,0
131292,36,3647,0.13353115727002968,425,0.7537091988130564,2,5479.5,7146.4,39886.77,460,1204953,0.36,0.077,12541,36,1,0,0,1,0
274740,60,4579,0.13353115727002968,204,0.02967359050445104,3,4944.67,11166.87,56912.55,571,1204953,0.36,0.077,12541,11,1,0,1,0,0
108144,36,3004,0.8204747774480712,256,0.7537091988130564,2,3870.25,11284.77,59002.17,492,1204953,0.36,0.077,12541,31,0,1,1,0,0
44940,12,3745,0.13353115727002968,238,0.1943620178041543,1,3744.7,11159.27,61940.02,152,1204953,0.36,0.077,12541,22,0,1,0,1,0
89280,12,7440,0.8204747774480712,261,0.7537091988130564,3,5817.5,12635.16,50357.55,173,1204953,0.36,0.077,12541,46,1,0,0,1,0
419880,60,6998,0.13353115727002968,156,0.7537091988130564,2,8942.0,13017.67,48769.45,304,1204953,0.36,0.077,12541,50,0,1,0,1,0
149040,48,3105,0.8204747774480712,292,0.7537091988130564,2,3751.1,6158.57,37200.37,447,75637,0.52,0.046,9622,25,0,1,0,1,0
50460,60,841,0.8204747774480712,269,0.02225519287833828,2,4065.0,4952.83,56606.76,413,75637,0.52,0.046,9622,47,0,1,0,1,0
49044,12,4087,0.8204747774480712,165,0.7537091988130564,2,4344.9,9049.85,37358.74,87,75637,0.52,0.046,9622,45,0,1,0,1,0
80340,12,6695,0.8204747774480712,319,0.02967359050445104,1,6695.0,13587.57,56843.84,423,75637,0.52,0.046,9622,18,0,1,1,0,0
164256,48,3422,0.8204747774480712,468,0.7537091988130564,1,3421.5,9705.64,52243.15,264,75637,0.52,0.046,9622,21,1,0,0,1,0
86616,12,7218,0.8204747774480712,125,0.7537091988130564,3,3911.0,3690.74,55418.81,561,75637,0.52,0.046,9622,28,1,0,0,1,0
59448,24,2477,0.8204747774480712,502,0.7537091988130564,1,2476.8,5682.89,26120.89,177,75637,0.52,0.046,9622,36,1,0,0,1,0
126600,24,5275,0.8204747774480712,693,0.7537091988130564,1,5274.7,11348.63,45819.11,406,75637,0.52,0.046,9622,52,1,0,1,0,0
260028,36,7223,0.8204747774480712,689,0.1943620178041543,3,7107.4,11962.19,46606.31,473,75637,0.52,0.046,9622,15,1,0,0,1,0
69360,48,1445,0.8204747774480712,450,0.7537091988130564,1,1445.0,4401.69,33499.83,403,75637,0.52,0.046,9622,49,1,0,1,0,0
272520,60,4542,0.8204747774480712,333,0.7537091988130564,2,5224.5,10610.79,52304.94,473,92084,0.55,0.044000000000000004,10124,51,1,0,0,1,0
155616,48,3242,0.8204747774480712,228,0.7537091988130564,1,3241.8,7722.89,31852.17,177,92084,0.55,0.044000000000000004,10124,37,0,1,0,1,0
98592,24,4108,0.04599406528189911,183,0.7537091988130564,2,7319.15,8015.79,43995.21,327,92084,0.55,0.044000000000000004,10124,32,0,1,0,1,0
160656,24,6694,0.8204747774480712,651,0.7537091988130564,1,6694.2,12408.08,52846.79,225,92084,0.55,0.044000000000000004,10124,27,0,1,0,1,0
172080,48,3585,0.8204747774480712,198,0.7537091988130564,1,3585.2,8530.75,56994.87,403,92084,0.55,0.044000000000000004,10124,37,0,1,0,1,0
12540,12,1045,0.8204747774480712,623,0.1943620178041543,4,2054.5,3887.4,47634.94,276,67298,0.97,0.016,8561,58,0,1,0,1,0
107352,36,2982,0.13353115727002968,522,0.7537091988130564,2,8205.25,12275.05,57349.79,199,67298,0.97,0.016,8561,58,0,1,0,1,0
300204,36,8339,0.8204747774480712,364,0.7537091988130564,1,8339.0,6633.34,35204.12,415,67298,0.97,0.016,8561,26,1,0,1,0,0
64656,48,1347,0.8204747774480712,124,0.1943620178041543,2,2706.0,4487.17,38747.53,194,67298,0.97,0.016,8561,46,1,0,0,1,0
78720,48,1640,0.8204747774480712,377,0.1943620178041543,2,3162.5,7561.67,47499.13,112,67298,0.97,0.016,8561,54,0,1,0,1,0
153144,36,4254,0.8204747774480712,560,0.1943620178041543,3,3912.9,10103.44,54465.69,286,67298,0.97,0.016,8561,25,1,0,0,1,0
300600,60,5010,0.8204747774480712,398,0.1943620178041543,4,2064.88,7512.34,48721.28,251,67298,0.97,0.016,8561,33,0,1,0,1,0
239160,60,3986,0.8204747774480712,437,0.7537091988130564,5,1948.14,6021.62,33274.18,291,67298,0.97,0.016,8561,46,1,0,0,1,0
37812,12,3151,0.8204747774480712,489,0.7537091988130564,2,8976.15,14228.0,52987.37,158,67298,0.97,0.016,8561,34,0,1,0,1,0
127200,48,2650,0.8204747774480712,473,0.7537091988130564,3,5152.4,6352.97,38370.17,222,88768,1.115,0.039,8867,28,1,0,0,1,0
136368,24,5682,0.8204747774480712,260,0.7537091988130564,2,7608.4,12410.42,50507.8,148,58400,1.175,0.019,8620,25,1,0,0,1,0
165960,24,6915,0.8204747774480712,561,0.7537091988130564,3,4584.33,11827.65,56893.32,382,93931,1.33,0.02,8427,52,0,1,0,1,0
24312,12,2026,0.8204747774480712,455,0.7537091988130564,1,2025.7,4903.94,36158.4,392,93931,1.33,0.02,8427,39,0,1,0,1,0
170256,24,7094,0.8204747774480712,448,0.1943620178041543,2,6508.0,8136.21,55541.29,412,93931,1.33,0.02,8427,29,0,1,0,1,0
140688,48,2931,0.8204747774480712,416,0.7537091988130564,1,2931.0,9087.7,48259.28,114,93931,1.33,0.02,8427,53,1,0,0,1,0
22968,36,638,0.8204747774480712,120,0.7537091988130564,4,1060.75,2234.51,39637.22,249,93931,1.33,0.02,8427,46,0,1,0,1,0
130464,48,2718,0.8204747774480712,664,0.7537091988130564,5,1748.4,7555.97,52439.93,323,93931,1.33,0.02,8427,20,1,0,0,1,0
269964,36,7499,0.8204747774480712,341,0.02967359050445104,2,9275.85,14032.99,61828.31,120,93931,1.33,0.02,8427,19,0,1,0,1,0
140688,48,2931,0.8204747774480712,416,0.7537091988130564,1,2931.0,9105.02,45509.38,114,93931,1.33,0.02,8427,53,1,0,0,1,0
115812,36,3217,0.8204747774480712,585,0.7537091988130564,1,3216.7,11652.89,60348.87,284,93931,1.33,0.02,8427,40,1,0,0,1,0
98304,12,8192,0.8204747774480712,533,0.1943620178041543,1,8191.5,16430.45,73271.69,246,93931,1.33,0.02,8427,23,1,0,0,1,0
96984,36,2694,0.8204747774480712,287,0.7537091988130564,4,4310.42,5693.39,18985.98,94,112065,1.345,0.045,11277,22,1,0,0,1,0
97176,24,4049,0.8204747774480712,137,0.1943620178041543,1,4049.0,16946.35,58574.97,153,112065,1.345,0.045,11277,42,0,1,0,1,0
31620,60,527,0.8204747774480712,247,0.7537091988130564,2,4735.5,4835.31,34813.65,161,112065,1.345,0.045,11277,54,1,0,0,1,0
194940,36,5415,0.8204747774480712,468,0.7537091988130564,1,5415.0,10427.72,52650.04,250,112065,1.345,0.045,11277,28,1,0,0,1,0
91248,48,1901,0.8204747774480712,579,0.7537091988130564,1,1901.0,7707.53,29792.62,108,177686,1.565,0.036000000000000004,10045,26,0,1,0,1,0
321180,60,5353,0.8204747774480712,233,0.7537091988130564,2,10038.15,11196.76,36220.73,206,177686,1.565,0.036000000000000004,10045,56,1,0,0,1,0
321240,60,5354,0.8204747774480712,524,0.1943620178041543,1,5353.5,11495.9,70888.95,192,177686,1.565,0.036000000000000004,10045,24,1,0,0,1,0
117024,24,4876,0.8204747774480712,137,0.1943620178041543,1,4875.8,10335.82,63274.3,410,177686,1.565,0.036000000000000004,10045,54,1,0,0,1,0
232560,48,4845,0.04599406528189911,630,0.7537091988130564,5,1919.8,6653.08,34838.13,417,177686,1.565,0.036000000000000004,10045,58,0,1,0,1,0
173016,36,4806,0.13353115727002968,318,0.1943620178041543,1,4806.5,10054.16,55377.96,339,177686,1.565,0.036000000000000004,10045,51,0,1,0,1,0
421008,48,8771,0.8204747774480712,304,0.1943620178041543,2,9336.5,7538.23,49500.0,228,177686,1.565,0.036000000000000004,10045,39,1,0,0,1,0
87216,48,1817,0.8204747774480712,616,0.7537091988130564,4,1536.75,2768.04,26392.84,511,145688,1.575,0.019,8544,41,0,1,1,0,0
182640,48,3805,0.8204747774480712,242,0.7537091988130564,3,4645.07,7404.14,27296.22,221,145688,1.575,0.019,8544,55,0,1,0,1,0
165780,60,2763,0.13353115727002968,607,0.7537091988130564,1,2762.8,9533.13,46121.09,132,145688,1.575,0.019,8544,43,1,0,0,1,0
405780,60,6763,0.8204747774480712,694,0.7537091988130564,4,3001.5,3526.1,31995.66,316,145688,1.575,0.019,8544,43,1,0,0,1,0
192744,36,5354,0.8204747774480712,137,0.7537091988130564,1,5353.5,10446.92,47651.15,187,145688,1.575,0.019,8544,29,1,0,0,1,0
37908,12,3159,0.8204747774480712,460,0.7537091988130564,1,3159.0,7478.69,37719.56,288,145688,1.575,0.019,8544,19,0,1,0,1,0
320592,48,6679,0.8204747774480712,465,0.1943620178041543,1,6678.7,14049.9,63984.1,283,145688,1.575,0.019,8544,26,0,1,0,1,0
76104,24,3171,0.8204747774480712,340,0.7537091988130564,3,2002.33,1894.13,22085.38,141,145688,1.575,0.019,8544,37,0,1,0,1,0
46176,48,962,0.8204747774480712,161,0.7537091988130564,2,5287.5,6138.11,53416.47,182,145688,1.575,0.019,8544,26,1,0,0,1,0
167100,60,2785,0.8204747774480712,335,0.1943620178041543,1,2784.8,12142.32,56108.4,438,145688,1.575,0.019,8544,24,0,1,0,1,0
369000,60,6150,0.13353115727002968,633,0.7537091988130564,4,2454.62,8953.59,63669.21,376,162580,1.66,0.035,9538,23,0,1,0,1,0
189792,48,3954,0.8204747774480712,635,0.7537091988130564,2,8033.65,8200.43,35229.68,144,162580,1.66,0.035,9538,54,1,0,0,1,0
213300,36,5925,0.8204747774480712,326,0.7537091988130564,2,5359.5,3662.55,24255.47,275,162580,1.66,0.035,9538,28,1,0,0,1,0
240528,48,5011,0.8204747774480712,561,0.7537091988130564,1,5011.2,11718.57,39089.11,149,162580,1.66,0.035,9538,38,1,0,0,1,0
158184,36,4394,0.8204747774480712,497,0.7537091988130564,1,4393.8,9078.15,52628.79,196,162580,1.66,0.035,9538,40,1,0,0,1,0
28248,24,1177,0.8204747774480712,557,0.02225519287833828,1,1177.0,7888.51,60557.28,353,162580,1.66,0.035,9538,25,0,1,0,1,0
35856,24,1494,0.8204747774480712,519,0.1943620178041543,2,3354.5,7672.57,55829.7,168,162580,1.66,0.035,9538,31,0,1,0,1,0
174048,48,3626,0.8204747774480712,345,0.1943620178041543,1,3626.0,10587.94,66296.53,296,162580,1.66,0.035,9538,45,0,1,0,1,0
50112,24,2088,0.8204747774480712,108,0.7537091988130564,4,1776.5,4031.66,34675.32,189,162580,1.66,0.035,9538,45,1,0,0,1,0
189300,60,3155,0.8204747774480712,413,0.1943620178041543,3,2361.0,4664.36,50215.64,580,162580,1.66,0.035,9538,37,1,0,1,0,0
72504,24,3021,0.8204747774480712,317,0.7537091988130564,5,1333.4,5381.53,40649.7,300,122603,1.7,0.043,8991,47,0,1,0,1,0
95808,12,7984,0.8204747774480712,429,0.7537091988130564,1,7984.3,14347.52,66389.96,420,122603,1.7,0.043,8991,50,1,0,1,0,0
97224,24,4051,0.8204747774480712,531,0.7537091988130564,3,3758.67,3752.43,34073.23,478,122603,1.7,0.043,8991,44,0,1,1,0,0
15192,24,633,0.8204747774480712,685,0.7537091988130564,4,1960.75,3791.62,27463.7,406,122603,1.7,0.043,8991,24,0,1,0,1,0
321360,60,5356,0.8204747774480712,599,0.1943620178041543,2,7982.0,11507.83,53716.3,202,122603,1.7,0.043,8991,19,1,0,0,1,0
19044,36,529,0.8204747774480712,410,0.7537091988130564,1,529.0,5865.2,56285.16,248,122603,1.7,0.043,8991,22,0,1,0,1,0
314688,48,6556,0.13353115727002968,579,0.1943620178041543,1,6556.3,14780.37,56690.33,147,88884,1.76,0.027000000000000003,8507,20,1,0,0,1,0
93888,36,2608,0.13353115727002968,315,0.7537091988130564,3,4511.07,12418.7,63682.54,167,88884,1.76,0.027000000000000003,8507,58,1,0,0,1,0
107640,24,4485,0.8204747774480712,179,0.7537091988130564,3,3308.67,10215.47,57480.77,353,88884,1.76,0.027000000000000003,8507,36,0,1,0,1,0
77544,36,2154,0.8204747774480712,386,0.1943620178041543,2,6156.9,12036.85,45833.58,169,88884,1.76,0.027000000000000003,8507,56,0,1,0,1,0
85860,60,1431,0.8204747774480712,431,0.1943620178041543,2,2917.0,3307.31,41859.7,422,88884,1.76,0.027000000000000003,8507,40,0,1,0,1,0
208332,36,5787,0.8204747774480712,561,0.7537091988130564,2,4763.5,15529.61,66259.24,163,88884,1.76,0.027000000000000003,8507,18,0,1,0,1,0
100980,60,1683,0.8204747774480712,385,0.7537091988130564,2,3211.0,4615.17,41086.57,399,387570,1.78,0.048,9897,25,1,0,0,1,0
385104,48,8023,0.8204747774480712,516,0.7537091988130564,2,9141.9,14952.23,47677.04,243,387570,1.78,0.048,9897,41,0,1,0,1,0
83628,36,2323,0.8204747774480712,239,0.7537091988130564,1,2322.7,5482.36,26644.3,128,387570,1.78,0.048,9897,20,0,1,0,1,0
23052,12,1921,0.8204747774480712,617,0.7537091988130564,5,1772.2,3333.55,24129.71,665,387570,1.78,0.048,9897,54,0,1,0,1,0
41856,48,872,0.8204747774480712,431,0.1943620178041543,4,1124.75,4679.21,41713.7,255,387570,1.78,0.048,9897,37,0,1,0,1,0
204780,60,3413,0.8204747774480712,198,0.1943620178041543,1,3413.0,15682.0,65213.01,153,387570,1.78,0.048,9897,41,1,0,0,1,0
179328,48,3736,0.8204747774480712,311,0.7537091988130564,2,4333.0,7811.22,35846.19,227,387570,1.78,0.048,9897,19,1,0,0,1,0
11400,12,950,0.8204747774480712,357,0.7537091988130564,4,1430.0,2054.27,28142.6,321,387570,1.78,0.048,9897,16,0,1,0,1,0
58764,12,4897,0.8204747774480712,507,0.1943620178041543,1,4897.0,11962.61,45220.68,74,387570,1.78,0.048,9897,53,0,1,0,1,0
65184,12,5432,0.8204747774480712,448,0.02225519287833828,1,5432.3,11066.27,70233.51,464,387570,1.78,0.048,9897,33,1,0,1,0,0
67608,24,2817,0.8204747774480712,189,0.7537091988130564,2,6843.15,7141.83,23762.46,115,387570,1.78,0.048,9897,35,0,1,0,1,0
294384,48,6133,0.8204747774480712,553,0.7537091988130564,1,6133.0,14978.2,66044.01,274,387570,1.78,0.048,9897,31,0,1,0,1,0
590820,60,9847,0.8204747774480712,521,0.7537091988130564,3,5639.67,4975.94,37909.66,220,387570,1.78,0.048,9897,26,1,0,0,1,0
56100,60,935,0.8204747774480712,405,0.7537091988130564,2,3575.5,3594.64,20582.01,269,387570,1.78,0.048,9897,34,1,0,0,1,0
93036,12,7753,0.8204747774480712,447,0.7537091988130564,1,7753.3,13661.78,55230.82,185,387570,1.78,0.048,9897,17,0,1,0,1,0
83628,36,2323,0.8204747774480712,239,0.7537091988130564,1,2322.7,5486.82,26198.42,128,387570,1.78,0.048,9897,20,0,1,0,1,0
116040,60,1934,0.8204747774480712,226,0.7537091988130564,3,2318.67,3370.29,25973.53,157,387570,1.78,0.048,9897,58,0,1,0,1,0
113796,36,3161,0.04599406528189911,356,0.7537091988130564,3,3149.23,5871.89,31905.48,346,387570,1.78,0.048,9897,20,1,0,0,1,0
280440,60,4674,0.8204747774480712,620,0.7537091988130564,1,4674.0,9087.81,46942.41,146,387570,1.78,0.048,9897,46,0,1,0,1,0
352704,48,7348,0.8204747774480712,513,0.1943620178041543,1,7348.0,8368.81,30200.6,59,103347,1.79,0.023,9104,48,0,1,0,1,0
156096,36,4336,0.13353115727002968,187,0.7537091988130564,2,5865.4,8741.08,43870.6,108,103347,1.79,0.023,9104,42,1,0,0,1,0
191880,60,3198,0.8204747774480712,272,0.7537091988130564,3,4440.6,10185.41,55607.89,402,103347,1.79,0.023,9104,43,1,0,0,1,0
116832,12,9736,0.8204747774480712,275,0.7537091988130564,2,7241.0,5331.22,26965.39,200,103347,1.79,0.023,9104,48,0,1,0,1,0
86880,12,7240,0.8204747774480712,346,0.1943620178041543,1,7240.0,17625.75,44567.11,160,103347,1.79,0.023,9104,57,0,1,0,1,0
248148,36,6893,0.8204747774480712,503,0.7537091988130564,4,3267.5,5135.56,30375.07,490,72541,1.815,0.021,8594,55,0,1,0,1,0
30060,60,501,0.8204747774480712,651,0.1943620178041543,5,1467.2,4538.91,28752.8,483,72541,1.815,0.021,8594,41,1,0,0,1,0
385584,48,8033,0.8204747774480712,502,0.7537091988130564,1,8033.2,12144.22,69693.27,101,72541,1.815,0.021,8594,20,1,0,0,1,0
156672,36,4352,0.8204747774480712,400,0.7537091988130564,2,4482.5,3251.26,19727.55,367,72541,1.815,0.021,8594,39,0,1,0,1,0
90180,36,2505,0.8204747774480712,138,0.7537091988130564,2,3417.9,5620.57,29359.96,152,72541,1.815,0.021,8594,32,1,0,0,1,0
215040,60,3584,0.8204747774480712,403,0.7537091988130564,1,3583.7,6984.2,42151.29,151,72541,1.815,0.021,8594,37,0,1,0,1,0
213300,60,3555,0.8204747774480712,181,0.7537091988130564,2,5108.0,8154.34,36255.7,149,72541,1.815,0.021,8594,42,0,1,0,1,0
360000,48,7500,0.04599406528189911,578,0.7537091988130564,1,7500.0,13995.49,60046.58,375,197099,1.955,0.022000000000000002,9624,23,0,1,0,1,0
39024,12,3252,0.8204747774480712,530,0.1943620178041543,3,5497.07,8886.12,53534.16,277,197099,1.955,0.022000000000000002,9624,56,1,0,0,1,0
444864,48,9268,0.8204747774480712,343,0.7537091988130564,3,6095.0,5553.21,32884.13,299,197099,1.955,0.022000000000000002,9624,28,1,0,0,1,0
164196,36,4561,0.04599406528189911,473,0.7537091988130564,2,4679.0,12978.68,56157.72,208,197099,1.955,0.022000000000000002,9624,41,0,1,0,1,0
276300,60,4605,0.8204747774480712,487,0.7537091988130564,2,4277.5,3547.71,36227.4,273,197099,1.955,0.022000000000000002,9624,16,1,0,0,1,0
85632,48,1784,0.8204747774480712,494,0.7537091988130564,1,1784.5,12424.03,63959.08,280,197099,1.955,0.022000000000000002,9624,47,0,1,0,1,0
47016,12,3918,0.04599406528189911,239,0.7537091988130564,2,9249.6,13461.32,54667.06,470,197099,1.955,0.022000000000000002,9624,36,0,1,1,0,0
55368,24,2307,0.8204747774480712,362,0.7537091988130564,1,2306.8,8882.79,42411.87,539,197099,1.955,0.022000000000000002,9624,54,0,1,0,1,0
372120,60,6202,0.8204747774480712,663,0.02225519287833828,1,6202.0,14076.82,65701.56,355,197099,1.955,0.022000000000000002,9624,48,1,0,0,1,0
47304,24,1971,0.8204747774480712,516,0.1943620178041543,2,5060.9,11533.75,65871.97,549,197099,1.955,0.022000000000000002,9624,20,1,0,0,1,0
33984,48,708,0.8204747774480712,367,0.7537091988130564,1,708.0,4133.01,51764.96,359,197099,1.955,0.022000000000000002,9624,19,1,0,0,1,0
227880,36,6330,0.8204747774480712,382,0.7537091988130564,1,6330.2,9201.69,62471.62,477,197099,1.955,0.022000000000000002,9624,39,0,1,0,1,0
69600,48,1450,0.8204747774480712,675,0.7537091988130564,5,2147.0,3557.41,42855.2,288,197099,1.955,0.022000000000000002,9624,25,1,0,0,1,0
188688,48,3931,0.8204747774480712,160,0.7537091988130564,2,5366.9,7527.68,48719.67,302,197099,1.955,0.022000000000000002,9624,30,0,1,0,1,0
96168,12,8014,0.13353115727002968,616,0.02225519287833828,1,8013.7,8986.13,60051.07,407,197099,1.955,0.022000000000000002,9624,24,0,1,0,1,0
210744,36,5854,0.8204747774480712,242,0.7537091988130564,2,7502.6,13284.45,46756.56,73,197099,1.955,0.022000000000000002,9624,16,1,0,0,1,0
468060,60,7801,0.13353115727002968,470,0.1943620178041543,3,3978.73,12879.66,65889.69,216,112709,2.05,0.024,8369,50,0,1,0,1,0
165960,36,4610,0.8204747774480712,148,0.7537091988130564,4,3288.0,7506.82,43499.77,633,112709,2.05,0.024,8369,21,1,0,0,1,0
219456,48,4572,0.8204747774480712,108,0.7537091988130564,1,4572.0,12183.74,63611.17,84,112709,2.05,0.024,8369,38,0,1,0,1,0
390096,48,8127,0.8204747774480712,163,0.02967359050445104,2,8762.0,8493.0,47488.11,171,112709,2.05,0.024,8369,14,1,0,0,1,0
185640,60,3094,0.8204747774480712,288,0.7537091988130564,1,3094.5,6193.68,30978.43,103,112709,2.05,0.024,8369,36,0,1,0,1,0
339168,48,7066,0.8204747774480712,292,0.7537091988130564,2,5397.0,4081.09,33493.89,104,112709,2.05,0.024,8369,56,0,1,0,1,0
117420,60,1957,0.8204747774480712,213,0.7537091988130564,3,3336.67,6074.44,30180.15,213,75685,2.075,0.025,8208,27,1,0,0,1,0
95400,36,2650,0.13353115727002968,268,0.7537091988130564,1,2650.2,13227.72,68519.07,479,75685,2.075,0.025,8208,19,1,0,1,0,0
63360,60,1056,0.8204747774480712,638,0.7537091988130564,2,3225.0,3107.87,29107.02,401,75685,2.075,0.025,8208,36,1,0,0,1,0
504000,60,8400,0.8204747774480712,664,0.7537091988130564,2,6323.5,4320.0,26998.26,199,75232,2.08,0.037000000000000005,8980,23,1,0,0,1,0
19248,12,1604,0.8204747774480712,422,0.7537091988130564,2,5426.5,6557.44,36320.46,164,75232,2.08,0.037000000000000005,8980,29,1,0,0,1,0
270384,48,5633,0.8204747774480712,437,0.7537091988130564,2,9354.4,11302.85,47479.6,282,75232,2.08,0.037000000000000005,8980,30,1,0,0,1,0
139488,24,5812,0.13353115727002968,573,0.7537091988130564,1,5811.7,13213.3,48303.43,108,75232,2.08,0.037000000000000005,8980,25,1,0,0,1,0
30012,12,2501,0.8204747774480712,659,0.7537091988130564,1,2501.0,10849.13,51154.12,143,78955,2.11,0.021,9060,41,1,0,0,1,0
158760,60,2646,0.8204747774480712,672,0.7537091988130564,4,3412.38,4346.11,22880.59,530,78955,2.11,0.021,9060,13,1,0,0,1,0
359760,60,5996,0.8204747774480712,475,0.7537091988130564,2,5353.1,8867.42,42951.07,237,161854,2.11,0.025,9425,13,1,0,0,1,0
32640,48,680,0.8204747774480712,482,0.7537091988130564,3,1480.67,2570.69,34800.17,343,161854,2.11,0.025,9425,50,1,0,0,1,0
181020,60,3017,0.8204747774480712,551,0.7537091988130564,1,3016.7,6726.13,41255.22,264,78955,2.11,0.021,9060,30,0,1,0,1,0
124344,36,3454,0.8204747774480712,620,0.7537091988130564,4,3442.5,5689.95,32102.03,319,161854,2.11,0.025,9425,18,0,1,0,1,0
41952,12,3496,0.8204747774480712,425,0.7537091988130564,4,1900.95,5512.21,34490.39,431,161854,2.11,0.025,9425,19,1,0,0,1,0
238716,36,6631,0.13353115727002968,503,0.7537091988130564,3,6105.57,11514.94,59032.0,220,78955,2.11,0.021,9060,29,1,0,0,1,0
7656,24,319,0.8204747774480712,367,0.7537091988130564,2,2013.5,5976.47,46877.75,525,78955,2.11,0.021,9060,32,0,1,0,1,0
74772,36,2077,0.04599406528189911,389,0.7537091988130564,2,3119.65,4531.42,22698.22,186,157042,2.155,0.024,8743,33,1,0,0,1,0
52512,12,4376,0.8204747774480712,521,0.7537091988130564,1,4375.5,12063.4,58505.62,91,157042,2.155,0.024,8743,50,1,0,0,1,0
143676,36,3991,0.13353115727002968,447,0.7537091988130564,4,3611.45,8571.99,51082.49,184,157042,2.155,0.024,8743,41,1,0,0,1,0
14628,12,1219,0.8204747774480712,399,0.1943620178041543,5,1555.6,3495.16,44652.44,637,157042,2.155,0.024,8743,45,0,1,0,1,0
71460,12,5955,0.8204747774480712,326,0.7537091988130564,2,6611.5,8256.88,40340.96,406,157042,2.155,0.024,8743,45,1,0,0,1,0
121896,24,5079,0.8204747774480712,486,0.7537091988130564,1,5079.0,11830.94,66951.38,499,157042,2.155,0.024,8743,25,1,0,0,1,0
21924,36,609,0.8204747774480712,297,0.7537091988130564,2,3435.5,4808.49,46258.3,487,157042,2.155,0.024,8743,29,1,0,0,1,0
417600,60,6960,0.04599406528189911,408,0.02225519287833828,1,6959.8,11559.11,56297.66,202,157042,2.155,0.024,8743,22,1,0,0,1,0
249792,48,5204,0.8204747774480712,284,0.1943620178041543,1,5204.2,12661.1,51564.08,77,157042,2.155,0.024,8743,30,1,0,0,1,0
196080,48,4085,0.8204747774480712,231,0.7537091988130564,1,4085.0,12332.52,63749.21,435,87419,2.225,0.035,8624,32,1,0,0,1,0
79344,48,1653,0.8204747774480712,567,0.7537091988130564,2,2978.5,2988.13,29862.17,204,87419,2.225,0.035,8624,46,0,1,0,1,0
74688,12,6224,0.8204747774480712,496,0.7537091988130564,2,9967.65,10591.58,47345.49,527,87419,2.225,0.035,8624,50,0,1,0,1,0
88704,48,1848,0.8204747774480712,670,0.7537091988130564,2,3129.0,2696.5,17325.22,260,87419,2.225,0.035,8624,36,0,1,0,1,0
86184,36,2394,0.13353115727002968,477,0.7537091988130564,2,3475.25,5731.21,28918.4,113,74062,2.5,0.015,8114,26,1,0,0,1,0
152160,60,2536,0.8204747774480712,632,0.7537091988130564,2,5835.85,5752.22,24208.11,187,74062,2.5,0.015,8114,50,0,1,0,1,0
85716,36,2381,0.8204747774480712,153,0.7537091988130564,3,4848.4,4331.58,21190.57,250,74062,2.5,0.015,8114,54,1,0,0,1,0
91632,12,7636,0.8204747774480712,365,0.7537091988130564,3,3508.67,3160.75,17875.28,230,74062,2.5,0.015,8114,50,1,0,0,1,0
91632,12,7636,0.8204747774480712,365,0.7537091988130564,2,5584.0,5805.58,47917.98,473,94725,2.565,0.048,9920,31,0,1,1,0,0
63252,12,5271,0.8204747774480712,672,0.7537091988130564,3,3457.23,8711.62,45728.55,450,94725,2.565,0.048,9920,47,0,1,0,1,0
38496,12,3208,0.8204747774480712,390,0.1943620178041543,1,3207.8,7720.33,45556.5,49,94725,2.565,0.048,9920,35,0,1,0,1,0
99744,24,4156,0.13353115727002968,523,0.7537091988130564,2,6122.75,8561.96,43225.46,111,94725,2.565,0.048,9920,27,0,1,0,1,0
225504,48,4698,0.13353115727002968,686,0.02967359050445104,4,3129.75,11606.55,57743.59,235,94725,2.565,0.048,9920,14,1,0,0,1,0
39168,24,1632,0.8204747774480712,347,0.7537091988130564,2,2662.5,7465.09,56689.62,75,94725,2.565,0.048,9920,20,0,1,0,1,0
152460,60,2541,0.13353115727002968,481,0.7537091988130564,5,2739.56,4393.6,21450.58,175,88757,2.575,0.023,8554,47,0,1,0,1,0
18720,60,312,0.8204747774480712,247,0.1943620178041543,1,312.0,4746.75,41621.7,166,88757,2.575,0.023,8554,32,1,0,0,1,0
204000,60,3400,0.8204747774480712,366,0.7537091988130564,2,5242.75,6724.77,57193.65,323,77917,2.585,0.027000000000000003,8390,48,1,0,0,1,0
50976,36,1416,0.8204747774480712,496,0.7537091988130564,4,2133.0,3502.48,26454.27,192,77917,2.585,0.027000000000000003,8390,14,1,0,0,1,0
93960,60,1566,0.8204747774480712,452,0.7537091988130564,3,3539.67,7021.65,55425.13,283,77917,2.585,0.027000000000000003,8390,31,1,0,0,1,0
184620,60,3077,0.8204747774480712,606,0.7537091988130564,2,6461.4,6903.16,34655.87,153,77917,2.585,0.027000000000000003,8390,35,0,1,0,1,0
74736,36,2076,0.8204747774480712,399,0.1943620178041543,2,4130.0,7053.16,39672.18,413,77917,2.585,0.027000000000000003,8390,25,1,0,0,1,0
127080,60,2118,0.8204747774480712,170,0.7537091988130564,4,2647.82,3242.91,29452.27,605,77917,2.585,0.027000000000000003,8390,53,1,0,0,1,0
115992,36,3222,0.13353115727002968,613,0.1943620178041543,3,3816.5,9257.13,53153.71,550,77917,2.585,0.027000000000000003,8390,54,1,0,1,0,0
331584,48,6908,0.8204747774480712,595,0.7537091988130564,1,6908.0,9336.05,42020.37,130,95907,2.675,0.017,8388,25,0,1,0,1,0
38520,12,3210,0.8204747774480712,597,0.7537091988130564,2,3162.5,2328.03,17777.08,244,95907,2.675,0.017,8388,53,1,0,0,1,0
23328,12,1944,0.8204747774480712,187,0.7537091988130564,2,5856.0,7115.11,37711.81,91,95907,2.675,0.017,8388,33,0,1,0,1,0
390000,48,8125,0.04599406528189911,510,0.7537091988130564,3,7568.1,11091.92,44851.96,101,95907,2.675,0.017,8388,47,1,0,0,1,0
207264,48,4318,0.04599406528189911,281,0.7537091988130564,1,4318.0,12047.38,50082.25,186,95907,2.675,0.017,8388,31,1,0,0,1,0
98832,48,2059,0.8204747774480712,696,0.7537091988130564,4,1893.75,4209.02,28207.39,464,95907,2.675,0.017,8388,25,0,1,0,1,0
78600,24,3275,0.8204747774480712,136,0.7537091988130564,2,7883.9,7462.94,30019.86,124,121947,2.74,0.03,8541,37,1,0,0,1,0
165120,60,2752,0.8204747774480712,601,0.7537091988130564,2,3867.0,3170.94,21484.49,317,121947,2.74,0.03,8541,46,0,1,0,1,0
288720,48,6015,0.8204747774480712,172,0.1943620178041543,1,6015.3,12969.07,62931.24,142,121947,2.74,0.03,8541,50,1,0,0,1,0
42900,12,3575,0.8204747774480712,646,0.1943620178041543,3,5264.67,10580.03,54697.58,346,121947,2.74,0.03,8541,29,1,0,0,1,0
309660,60,5161,0.8204747774480712,136,0.7537091988130564,2,7133.1,9347.4,37136.66,163,121947,2.74,0.03,8541,39,0,1,0,1,0
191580,60,3193,0.8204747774480712,176,0.7537091988130564,3,2047.0,2073.03,16424.43,100,121947,2.74,0.03,8541,32,0,1,0,1,0
249312,48,5194,0.13353115727002968,433,0.7537091988130564,2,9679.0,12189.46,45595.75,302,170449,2.865,0.036000000000000004,10787,37,1,0,0,1,0
66432,24,2768,0.8204747774480712,595,0.7537091988130564,2,4818.5,7560.5,32738.74,213,170449,2.865,0.036000000000000004,10787,26,0,1,0,1,0
59136,48,1232,0.8204747774480712,262,0.7537091988130564,1,1232.0,2146.97,25197.92,175,170449,2.865,0.036000000000000004,10787,17,0,1,0,1,0
79920,60,1332,0.8204747774480712,443,0.1943620178041543,3,2634.0,6941.22,45950.87,462,170449,2.865,0.036000000000000004,10787,38,1,0,0,1,0
29784,24,1241,0.8204747774480712,125,0.7537091988130564,3,1942.33,3406.45,39429.23,331,170449,2.865,0.036000000000000004,10787,25,0,1,0,1,0
48624,24,2026,0.8204747774480712,521,0.7537091988130564,2,3269.85,11259.12,70446.02,493,139012,3.005,0.019,8363,29,1,0,1,0,0
253200,60,4220,0.8204747774480712,586,0.7537091988130564,4,3215.38,5489.24,34852.11,158,139012,3.005,0.019,8363,58,1,0,0,1,0
22932,36,637,0.8204747774480712,223,0.7537091988130564,3,1465.33,3736.24,40347.11,204,139012,3.005,0.019,8363,43,0,1,0,1,0
293160,60,4886,0.8204747774480712,537,0.7537091988130564,1,4886.0,13715.96,55419.47,189,139012,3.005,0.019,8363,20,0,1,0,1,0
69624,36,1934,0.8204747774480712,585,0.1943620178041543,4,1414.5,5497.14,50945.87,160,139012,3.005,0.019,8363,48,1,0,0,1,0
156420,60,2607,0.13353115727002968,344,0.7537091988130564,2,6914.5,9843.18,49536.19,107,139012,3.005,0.019,8363,37,1,0,0,1,0
334620,60,5577,0.8204747774480712,243,0.7537091988130564,1,5577.3,13215.1,66271.97,94,139012,3.005,0.019,8363,37,0,1,0,1,0
158976,48,3312,0.8204747774480712,518,0.7537091988130564,4,2215.0,8464.05,51315.46,584,139012,3.005,0.019,8363,52,1,0,0,1,0
141648,24,5902,0.8204747774480712,200,0.7537091988130564,2,5093.6,12159.37,47859.32,232,139012,3.005,0.019,8363,40,1,0,0,1,0
209184,48,4358,0.8204747774480712,391,0.7537091988130564,1,4358.0,12428.34,56543.8,403,139012,3.005,0.019,8363,37,1,0,1,0,0
27984,12,2332,0.13353115727002968,519,0.7537091988130564,2,5274.5,9195.69,42331.13,327,139012,3.005,0.019,8363,43,1,0,0,1,0
72120,12,6010,0.8204747774480712,616,0.02225519287833828,1,6010.2,13306.94,76453.61,260,139012,3.005,0.019,8363,44,0,1,0,1,0
133968,48,2791,0.8204747774480712,261,0.1943620178041543,4,3870.5,9678.73,55054.54,376,139012,3.005,0.019,8363,49,1,0,0,1,0
91152,24,3798,0.8204747774480712,465,0.1943620178041543,1,3798.2,8629.02,53438.31,254,105058,3.01,0.042,9272,50,1,0,0,1,0
162468,36,4513,0.8204747774480712,148,0.7537091988130564,2,4355.35,9407.5,30650.18,209,105058,3.01,0.042,9272,39,0,1,0,1,0
87816,12,7318,0.8204747774480712,476,0.7537091988130564,2,6161.5,4348.22,18739.45,372,105058,3.01,0.042,9272,29,1,0,1,0,0
16032,48,334,0.8204747774480712,449,0.7537091988130564,4,2418.25,3636.23,22821.89,135,105058,3.01,0.042,9272,33,0,1,0,1,0
57120,48,1190,0.8204747774480712,275,0.1943620178041543,3,1937.0,2966.12,48050.89,177,105058,3.01,0.042,9272,35,1,0,0,1,0
48096,24,2004,0.13353115727002968,454,0.7537091988130564,2,2901.6,4719.61,31486.59,181,105058,3.01,0.042,9272,35,1,0,0,1,0
262980,60,4383,0.8204747774480712,369,0.7537091988130564,1,4382.7,11162.86,63325.5,233,53921,3.015,0.032,8598,31,0,1,0,1,0
148140,36,4115,0.13353115727002968,615,0.7537091988130564,1,4114.7,9001.23,42941.01,240,53921,3.015,0.032,8598,35,0,1,0,1,0
230220,36,6395,0.8204747774480712,662,0.1943620178041543,1,6395.0,15755.9,66185.96,162,53921,3.015,0.032,8598,45,1,0,0,1,0
79824,12,6652,0.13353115727002968,182,0.1943620178041543,2,7278.75,13057.11,59206.58,130,53921,3.015,0.032,8598,37,1,0,0,1,0
44628,12,3719,0.13353115727002968,636,0.7537091988130564,2,7798.5,14292.45,60027.18,382,53921,3.015,0.032,8598,48,1,0,0,1,0
45456,12,3788,0.8204747774480712,329,0.1943620178041543,1,3788.3,8826.55,43457.52,97,53921,3.015,0.032,8598,51,0,1,0,1,0
87840,24,3660,0.8204747774480712,124,0.7537091988130564,5,1759.36,4802.84,30675.75,675,53921,3.015,0.032,8598,14,0,1,0,1,0
23520,12,1960,0.8204747774480712,355,0.7537091988130564,3,3469.73,4064.93,21759.19,175,107911,3.045,0.017,8240,52,1,0,0,1,0
389136,48,8107,0.8204747774480712,354,0.7537091988130564,1,8107.3,17180.58,55640.93,166,107911,3.045,0.017,8240,26,1,0,0,1,0
176328,36,4898,0.8204747774480712,625,0.7537091988130564,5,2886.64,6949.23,50484.18,282,107911,3.045,0.017,8240,51,1,0,0,1,0
14028,12,1169,0.8204747774480712,674,0.7537091988130564,3,2088.33,4595.87,57448.31,280,107911,3.045,0.017,8240,52,0,1,0,1,0
110112,24,4588,0.8204747774480712,330,0.7537091988130564,2,6940.25,12205.93,54492.88,254,107911,3.045,0.017,8240,29,1,0,0,1,0
170700,60,2845,0.8204747774480712,432,0.7537091988130564,1,2845.0,5786.33,32501.45,131,107911,3.045,0.017,8240,23,1,0,0,1,0
159744,48,3328,0.8204747774480712,280,0.1943620178041543,3,3055.4,11007.92,51807.72,199,70699,3.09,0.026000000000000002,8968,24,0,1,0,1,0
163332,36,4537,0.8204747774480712,443,0.7537091988130564,1,4537.3,8251.55,28793.44,72,70699,3.09,0.026000000000000002,8968,57,1,0,0,1,0
154416,48,3217,0.13353115727002968,176,0.7537091988130564,1,3216.7,13179.01,59249.76,474,70699,3.09,0.026000000000000002,8968,24,0,1,0,1,0
266220,60,4437,0.8204747774480712,522,0.7537091988130564,4,3071.5,5007.27,36648.25,532,70646,3.145,0.022000000000000002,8547,31,0,1,0,1,0
220620,60,3677,0.8204747774480712,521,0.7537091988130564,3,4332.1,6024.2,31612.17,392,70646,3.145,0.022000000000000002,8547,53,0,1,0,1,0
97632,12,8136,0.8204747774480712,301,0.7537091988130564,3,6860.67,12866.43,59053.01,547,70646,3.145,0.022000000000000002,8547,26,0,1,1,0,0
84288,48,1756,0.8204747774480712,446,0.7537091988130564,2,3790.5,5562.53,34672.08,147,45714,3.21,0.019,8843,40,0,1,0,1,0
347952,48,7249,0.8204747774480712,657,0.7537091988130564,1,7248.8,11978.06,65513.88,408,45714,3.21,0.019,8843,30,0,1,0,1,0
51408,24,2142,0.8204747774480712,387,0.1943620178041543,1,2142.0,12470.1,63675.63,407,45714,3.21,0.019,8843,41,1,0,0,1,0
26208,36,728,0.8204747774480712,129,0.7537091988130564,2,1941.5,3117.94,26846.5,103,45714,3.21,0.019,8843,25,0,1,0,1,0
97980,60,1633,0.8204747774480712,623,0.7537091988130564,3,2452.0,3470.65,20668.47,259,45714,3.21,0.019,8843,17,0,1,0,1,0
417060,60,6951,0.8204747774480712,558,0.7537091988130564,3,4380.27,6611.67,42368.32,423,45714,3.21,0.019,8843,34,0,1,0,1,0
82128,24,3422,0.8204747774480712,506,0.7537091988130564,1,3421.5,6067.04,31893.58,144,45714,3.21,0.019,8843,26,1,0,0,1,0
153936,24,6414,0.8204747774480712,115,0.7537091988130564,1,6413.7,15657.35,58962.93,73,105606,3.275,0.021,8254,44,1,0,0,1,0
79608,24,3317,0.8204747774480712,313,0.7537091988130564,1,3317.0,15016.13,65773.4,462,105606,3.275,0.021,8254,20,1,0,0,1,0
149340,60,2489,0.13353115727002968,321,0.7537091988130564,2,5621.65,5495.93,35020.3,427,105606,3.275,0.021,8254,27,1,0,0,1,0
77640,12,6470,0.13353115727002968,333,0.7537091988130564,1,6469.7,13582.18,62552.73,403,105606,3.275,0.021,8254,23,1,0,1,0,0
113436,36,3151,0.8204747774480712,384,0.1943620178041543,1,3151.3,17747.74,69377.26,133,105606,3.275,0.021,8254,39,1,0,0,1,0
314520,60,5242,0.13353115727002968,484,0.7537091988130564,2,7857.0,14230.56,59423.18,441,105606,3.275,0.021,8254,40,0,1,0,1,0
44640,24,1860,0.8204747774480712,417,0.7537091988130564,1,1860.0,6946.18,40629.39,83,108871,3.355,0.023,8444,38,1,0,0,1,0
153504,48,3198,0.8204747774480712,502,0.7537091988130564,3,3358.27,6117.34,31061.46,224,108871,3.355,0.023,8444,18,1,0,0,1,0
99300,60,1655,0.8204747774480712,671,0.7537091988130564,3,2702.33,5769.64,35984.97,263,108871,3.355,0.023,8444,24,0,1,0,1,0
8616,24,359,0.8204747774480712,372,0.7537091988130564,3,2742.67,3760.52,37305.16,210,108871,3.355,0.023,8444,18,1,0,0,1,0
188616,24,7859,0.8204747774480712,583,0.7537091988130564,2,9049.5,10408.64,54125.58,230,108871,3.355,0.023,8444,55,1,0,0,1,0
44640,24,1860,0.8204747774480712,417,0.7537091988130564,1,1860.0,6960.42,41047.81,83,108871,3.355,0.023,8444,38,1,0,0,1,0
18324,12,1527,0.8204747774480712,430,0.7537091988130564,2,4923.0,7105.57,29415.3,196,108871,3.355,0.023,8444,46,0,1,0,1,0
148920,60,2482,0.13353115727002968,201,0.7537091988130564,2,6994.0,6369.18,33725.22,232,108871,3.355,0.023,8444,15,1,0,0,1,0
66840,24,2785,0.04599406528189911,463,0.7537091988130564,2,8238.0,12577.95,39265.57,223,58796,3.365,0.032,9045,58,0,1,0,1,0
21396,12,1783,0.8204747774480712,440,0.7537091988130564,1,1783.2,4486.57,29747.96,301,58796,3.365,0.032,9045,23,1,0,0,1,0
170832,48,3559,0.8204747774480712,356,0.7537091988130564,2,6604.0,15543.74,70556.29,93,58796,3.365,0.032,9045,25,1,0,0,1,0
140880,60,2348,0.8204747774480712,251,0.7537091988130564,2,6831.0,9397.15,41528.22,94,58796,3.365,0.032,9045,36,1,0,0,1,0
44376,12,3698,0.8204747774480712,164,0.1943620178041543,2,4873.4,12471.85,63700.11,291,58796,3.365,0.032,9045,30,1,0,0,1,0
52788,12,4399,0.8204747774480712,244,0.7537091988130564,3,2504.0,2654.79,22010.18,484,58796,3.365,0.032,9045,17,1,0,0,1,0
108720,60,1812,0.8204747774480712,594,0.1943620178041543,1,1812.3,11316.68,54170.54,105,77963,3.485,0.037000000000000005,8546,32,0,1,0,1,0
64224,24,2676,0.13353115727002968,440,0.7537091988130564,2,6212.5,6832.37,40743.74,110,77963,3.485,0.037000000000000005,8546,56,1,0,0,1,0
466608,48,9721,0.8204747774480712,575,0.7537091988130564,1,9721.0,6497.32,43064.82,212,77963,3.485,0.037000000000000005,8546,51,0,1,0,1,0
151200,36,4200,0.8204747774480712,241,0.7537091988130564,2,9324.1,14886.25,52607.39,94,77963,3.485,0.037000000000000005,8546,48,1,0,0,1,0
317520,60,5292,0.8204747774480712,303,0.7537091988130564,5,2978.8,5691.73,47649.8,299,77963,3.485,0.037000000000000005,8546,29,0,1,0,1,0
104964,12,8747,0.8204747774480712,644,0.7537091988130564,2,8676.5,6680.21,38456.89,177,77963,3.485,0.037000000000000005,8546,28,1,0,0,1,0
52128,24,2172,0.8204747774480712,264,0.1943620178041543,1,2172.0,6031.3,45315.96,526,94812,3.525,0.031,9650,35,0,1,1,0,0
178500,60,2975,0.8204747774480712,304,0.7537091988130564,4,1901.0,2370.65,16895.42,150,182027,3.535,0.024,8746,27,0,1,0,1,0
231168,48,4816,0.8204747774480712,613,0.02967359050445104,3,3073.67,12742.73,55599.85,180,182027,3.535,0.024,8746,20,0,1,0,1,0
74040,12,6170,0.8204747774480712,636,0.7537091988130564,5,2930.6,5564.44,49231.18,397,182027,3.535,0.024,8746,41,0,1,0,1,0
168264,36,4674,0.8204747774480712,204,0.7537091988130564,2,9068.1,10859.03,26730.87,111,182027,3.535,0.024,8746,43,1,0,0,1,0
374760,60,6246,0.8204747774480712,461,0.7537091988130564,4,4361.45,9880.38,54097.47,214,182027,3.535,0.024,8746,43,1,0,0,1,0
110736,48,2307,0.13353115727002968,254,0.7537091988130564,4,2416.7,4399.61,34462.23,130,51428,3.555,0.02,8402,58,0,1,0,1,0
53076,12,4423,0.8204747774480712,333,0.1943620178041543,2,6829.0,5533.66,33872.48,218,51428,3.555,0.02,8402,45,1,0,0,1,0
45336,24,1889,0.8204747774480712,489,0.7537091988130564,2,3909.5,6783.54,51307.78,358,51428,3.555,0.02,8402,34,1,0,0,1,0
125472,24,5228,0.04599406528189911,281,0.7537091988130564,2,10054.85,14226.38,77371.24,182,51428,3.555,0.02,8402,52,0,1,0,1,0
396120,60,6602,0.13353115727002968,550,0.1943620178041543,1,6601.7,13812.93,59719.84,275,51428,3.555,0.02,8402,47,0,1,0,1,0
182040,60,3034,0.8204747774480712,362,0.1943620178041543,1,3034.0,14315.75,69319.47,306,51428,3.555,0.02,8402,45,0,1,0,1,0
111384,24,4641,0.8204747774480712,472,0.7537091988130564,3,4088.67,11670.91,60965.28,634,51428,3.555,0.02,8402,23,1,0,1,0,0
41256,12,3438,0.8204747774480712,682,0.02225519287833828,5,2398.8,10903.83,66816.99,303,51428,3.555,0.02,8402,56,1,0,0,1,0
177504,48,3698,0.04599406528189911,536,0.1943620178041543,1,3697.8,11160.63,54444.41,181,51428,3.555,0.02,8402,50,1,0,0,1,0
110736,48,2307,0.13353115727002968,254,0.7537091988130564,4,2416.7,4420.2,32514.37,130,51428,3.555,0.02,8402,58,0,1,0,1,0
140064,24,5836,0.13353115727002968,673,0.1943620178041543,1,5836.0,14108.68,67486.63,194,51428,3.555,0.02,8402,48,0,1,0,1,0
189696,24,7904,0.13353115727002968,267,0.7537091988130564,4,2960.95,7570.04,47063.61,415,51428,3.555,0.02,8402,46,1,0,0,1,0
265320,36,7370,0.8204747774480712,643,0.7537091988130564,2,5602.5,5305.13,39222.42,451,51428,3.555,0.02,8402,47,0,1,1,0,0
102240,60,1704,0.8204747774480712,607,0.1943620178041543,2,4031.0,3756.47,38258.0,263,109164,3.665,0.021,8757,52,0,1,0,1,0
68664,24,2861,0.13353115727002968,501,0.7537091988130564,1,2860.7,9027.86,38762.16,145,109164,3.665,0.021,8757,18,0,1,0,1,0
174840,60,2914,0.8204747774480712,389,0.7537091988130564,3,2712.6,5587.25,34492.55,113,109164,3.665,0.021,8757,47,0,1,0,1,0
20352,48,424,0.8204747774480712,283,0.7537091988130564,2,2316.0,2931.56,25314.76,292,109164,3.665,0.021,8757,48,0,1,0,1,0
53472,12,4456,0.13353115727002968,617,0.7537091988130564,1,4456.0,13587.44,65723.2,222,81344,3.68,0.034,8899,54,1,0,0,1,0
44088,24,1837,0.8204747774480712,236,0.7537091988130564,2,2605.0,5554.79,43216.35,300,81344,3.68,0.034,8899,44,0,1,0,1,0
20220,12,1685,0.8204747774480712,343,0.1943620178041543,2,5203.9,10737.19,50401.42,366,81344,3.68,0.034,8899,22,0,1,0,1,0
33348,12,2779,0.8204747774480712,368,0.7537091988130564,1,2778.7,12433.4,45632.48,167,81344,3.68,0.034,8899,27,0,1,0,1,0
221880,60,3698,0.8204747774480712,311,0.7537091988130564,5,1447.96,5187.34,51147.96,299,81344,3.68,0.034,8899,53,0,1,0,1,0
144960,48,3020,0.8204747774480712,601,0.7537091988130564,2,5089.0,13452.05,67525.06,214,81344,3.68,0.034,8899,31,0,1,0,1,0
93600,24,3900,0.8204747774480712,308,0.1943620178041543,4,2203.88,6580.65,49513.42,289,81344,3.68,0.034,8899,20,1,0,0,1,0
52236,36,1451,0.8204747774480712,444,0.7537091988130564,2,3246.5,2691.86,40892.72,174,81344,3.68,0.034,8899,55,1,0,0,1,0
341280,60,5688,0.8204747774480712,406,0.1943620178041543,1,5688.0,14207.61,44112.29,198,81344,3.68,0.034,8899,44,1,0,0,1,0
162576,36,4516,0.8204747774480712,418,0.1943620178041543,3,2554.67,6839.22,45365.28,209,159617,3.805,0.037000000000000005,9198,41,1,0,0,1,0
43200,24,1800,0.8204747774480712,304,0.7537091988130564,2,3755.0,4675.32,39581.85,103,159617,3.805,0.037000000000000005,9198,49,0,1,0,1,0
106128,36,2948,0.13353115727002968,337,0.7537091988130564,1,2948.0,7471.31,42200.23,137,159617,3.805,0.037000000000000005,9198,15,1,0,0,1,0
475680,48,9910,0.8204747774480712,123,0.1943620178041543,2,9235.5,8484.92,46895.28,161,159617,3.805,0.037000000000000005,9198,31,0,1,0,1,0
128268,36,3563,0.8204747774480712,170,0.1943620178041543,1,3563.0,9632.17,63713.11,108,159617,3.805,0.037000000000000005,9198,51,1,0,0,1,0
31260,12,2605,0.8204747774480712,654,0.7537091988130564,2,4673.5,3905.21,22276.53,191,159617,3.805,0.037000000000000005,9198,26,1,0,0,1,0
24180,60,403,0.8204747774480712,534,0.7537091988130564,5,811.6,5354.15,79272.04,249,159617,3.805,0.037000000000000005,9198,55,1,0,0,1,0
104808,12,8734,0.8204747774480712,186,0.7537091988130564,5,3468.4,4513.02,37433.85,572,125832,3.815,0.017,8512,51,1,0,0,1,0
88608,12,7384,0.04599406528189911,632,0.7537091988130564,1,7384.0,12602.47,54237.57,168,125832,3.815,0.017,8512,47,1,0,0,1,0
79632,24,3318,0.8204747774480712,141,0.7537091988130564,3,5029.67,11875.14,55903.99,458,125832,3.815,0.017,8512,35,0,1,0,1,0
465072,48,9689,0.8204747774480712,541,0.7537091988130564,1,9689.0,7604.44,42890.65,392,125832,3.815,0.017,8512,43,1,0,0,1,0
368880,60,6148,0.8204747774480712,590,0.7537091988130564,4,2683.75,9763.81,50416.79,480,125832,3.815,0.017,8512,18,1,0,0,1,0
67980,12,5665,0.8204747774480712,118,0.7537091988130564,1,5665.0,5737.88,44826.92,162,125832,3.815,0.017,8512,51,0,1,0,1,0
151560,24,6315,0.8204747774480712,194,0.02225519287833828,2,8224.5,11902.3,56137.61,421,125832,3.815,0.017,8512,37,1,0,0,1,0
202788,36,5633,0.13353115727002968,387,0.7537091988130564,2,8813.5,14660.56,67825.58,330,51313,3.86,0.027000000000000003,8930,43,0,1,0,1,0
61560,12,5130,0.13353115727002968,326,0.1943620178041543,4,4848.12,8566.14,33462.47,274,51313,3.86,0.027000000000000003,8930,50,1,0,0,1,0
92976,24,3874,0.13353115727002968,569,0.1943620178041543,2,8629.85,13005.1,62734.05,420,51313,3.86,0.027000000000000003,8930,25,0,1,0,1,0
36684,12,3057,0.8204747774480712,631,0.7537091988130564,1,3057.0,4429.45,26750.7,431,51313,3.86,0.027000000000000003,8930,16,0,1,1,0,0
224604,36,6239,0.8204747774480712,519,0.02967359050445104,1,6239.2,14296.17,68073.47,425,51313,3.86,0.027000000000000003,8930,14,1,0,0,1,0
104712,24,4363,0.13353115727002968,569,0.7537091988130564,2,8874.35,12920.59,65320.47,421,51313,3.86,0.027000000000000003,8930,25,0,1,0,1,0
123300,36,3425,0.13353115727002968,565,0.1943620178041543,1,3425.2,12860.92,54359.86,162,118650,3.9,0.05,9832,53,0,1,0,1,0
25944,24,1081,0.8204747774480712,260,0.1943620178041543,1,1081.0,9312.59,52050.89,357,118650,3.9,0.05,9832,34,0,1,0,1,0
198240,24,8260,0.8204747774480712,160,0.7537091988130564,2,7781.5,5316.36,27560.84,304,118650,3.9,0.05,9832,35,1,0,0,1,0
89340,60,1489,0.8204747774480712,267,0.7537091988130564,2,3252.5,4121.77,53490.1,249,110643,3.965,0.019,8441,25,0,1,0,1,0
82896,12,6908,0.8204747774480712,482,0.1943620178041543,4,4195.88,9982.39,57004.18,609,110643,3.965,0.019,8441,19,1,0,1,0,0
192744,36,5354,0.8204747774480712,488,0.1943620178041543,1,5353.5,10880.97,67194.59,431,110643,3.965,0.019,8441,23,0,1,0,1,0
150180,60,2503,0.13353115727002968,199,0.7537091988130564,3,3807.27,13323.09,63042.46,210,110643,3.965,0.019,8441,56,1,0,0,1,0
49320,36,1370,0.8204747774480712,425,0.7537091988130564,3,1978.33,3386.18,28553.85,175,110643,3.965,0.019,8441,28,1,0,0,1,0
240900,60,4015,0.8204747774480712,533,0.7537091988130564,2,6467.0,5113.25,26573.0,125,110643,3.965,0.019,8441,49,0,1,0,1,0
89340,60,1489,0.8204747774480712,267,0.7537091988130564,2,3252.5,4119.3,54166.11,249,110643,3.965,0.019,8441,25,0,1,0,1,0
54396,36,1511,0.8204747774480712,191,0.7537091988130564,1,1511.0,2794.26,59367.7,189,110643,3.965,0.019,8441,53,1,0,0,1,0
105804,36,2939,0.8204747774480712,185,0.1943620178041543,2,4966.35,5983.63,35669.36,462,107870,4.07,0.036000000000000004,8754,53,0,1,1,0,0
40632,12,3386,0.13353115727002968,444,0.7537091988130564,5,1380.9,4812.99,52229.79,212,107870,4.07,0.036000000000000004,8754,53,0,1,0,1,0
143904,24,5996,0.8204747774480712,518,0.7537091988130564,3,3161.07,9248.27,56720.97,560,107870,4.07,0.036000000000000004,8754,39,1,0,1,0,0
74124,36,2059,0.13353115727002968,529,0.7537091988130564,4,1480.25,8252.14,55798.64,379,107870,4.07,0.036000000000000004,8754,57,0,1,0,1,0
331560,60,5526,0.8204747774480712,571,0.02967359050445104,3,4637.0,6547.08,57196.31,465,107870,4.07,0.036000000000000004,8754,10,1,0,1,0,0
133800,24,5575,0.8204747774480712,405,0.7537091988130564,3,5003.77,9331.93,45957.14,177,107870,4.07,0.036000000000000004,8754,53,1,0,0,1,0
392460,60,6541,0.8204747774480712,678,0.02967359050445104,2,8175.6,12455.63,67157.03,339,107870,4.07,0.036000000000000004,8754,16,0,1,0,1,0
205200,36,5700,0.13353115727002968,541,0.7537091988130564,4,4739.32,8622.56,56266.27,564,161954,4.115,0.023,8720,32,0,1,1,0,0
335280,48,6985,0.13353115727002968,464,0.7537091988130564,3,3364.43,13063.56,40543.77,239,161954,4.115,0.023,8720,44,0,1,0,1,0
84288,48,1756,0.8204747774480712,121,0.7537091988130564,3,2019.33,3884.7,33258.08,167,161954,4.115,0.023,8720,19,0,1,0,1,0
349392,48,7279,0.8204747774480712,657,0.1943620178041543,2,6810.65,12981.24,68515.3,283,161954,4.115,0.023,8720,39,1,0,0,1,0
194160,48,4045,0.8204747774480712,520,0.7537091988130564,5,2377.0,3231.15,28162.68,233,161954,4.115,0.023,8720,53,0,1,0,1,0
23184,12,1932,0.8204747774480712,315,0.7537091988130564,1,1932.0,2770.83,36277.56,218,161954,4.115,0.023,8720,18,0,1,0,1,0
538500,60,8975,0.8204747774480712,336,0.7537091988130564,2,6790.0,7265.11,31340.35,361,95616,4.14,0.03,9307,31,1,0,0,1,0
290820,60,4847,0.8204747774480712,342,0.1943620178041543,4,2056.75,5134.0,48864.51,128,95616,4.14,0.03,9307,57,1,0,0,1,0
199680,60,3328,0.8204747774480712,412,0.7537091988130564,2,3470.1,6712.49,32837.57,400,95616,4.14,0.03,9307,42,1,0,1,0,0
76080,12,6340,0.8204747774480712,371,0.02967359050445104,3,5225.43,10388.82,60857.08,261,95616,4.14,0.03,9307,18,0,1,0,1,0
22356,36,621,0.8204747774480712,314,0.7537091988130564,2,2441.0,2772.68,22634.64,104,95616,4.14,0.03,9307,54,1,0,0,1,0
285600,60,4760,0.13353115727002968,252,0.7537091988130564,1,4760.0,13825.13,58264.64,326,95616,4.14,0.03,9307,15,0,1,0,1,0
177804,36,4939,0.8204747774480712,423,0.7537091988130564,1,4939.0,10415.95,53945.85,173,95616,4.14,0.03,9307,26,0,1,0,1,0
87360,24,3640,0.8204747774480712,221,0.1943620178041543,2,5456.75,11291.7,55385.62,198,95616,4.14,0.03,9307,56,1,0,0,1,0
155640,24,6485,0.8204747774480712,412,0.7537091988130564,5,2553.0,5544.46,37220.16,370,95616,4.14,0.03,9307,54,0,1,0,1,0
67320,36,1870,0.8204747774480712,499,0.7537091988130564,4,2639.58,3450.26,23287.65,303,95616,4.14,0.03,9307,21,1,0,0,1,0
93888,36,2608,0.04599406528189911,156,0.7537091988130564,2,6665.6,6213.77,33983.19,440,86513,4.155,0.017,8288,43,0,1,0,1,0
24792,24,1033,0.8204747774480712,606,0.1943620178041543,3,1908.0,6706.53,51849.88,234,86513,4.155,0.017,8288,36,1,0,0,1,0
4980,12,415,0.8204747774480712,242,0.7537091988130564,4,1287.0,2727.08,25265.19,533,86513,4.155,0.017,8288,42,0,1,0,1,0
71820,36,1995,0.8204747774480712,403,0.7537091988130564,1,1995.0,11051.5,58984.87,127,86513,4.155,0.017,8288,30,1,0,0,1,0
106944,24,4456,0.8204747774480712,145,0.7537091988130564,4,1872.25,8588.03,40008.85,188,86513,4.155,0.017,8288,44,0,1,0,1,0
288468,36,8013,0.8204747774480712,127,0.7537091988130564,1,8013.0,6060.57,33971.73,386,86513,4.155,0.017,8288,36,0,1,0,1,0
186300,60,3105,0.13353115727002968,395,0.1943620178041543,3,3715.9,10654.2,61704.82,360,86513,4.155,0.017,8288,45,1,0,0,1,0
42816,12,3568,0.8204747774480712,458,0.7537091988130564,2,4114.0,3192.48,17055.05,107,226122,4.295,0.042,8994,57,1,0,0,1,0
187104,24,7796,0.8204747774480712,141,0.1943620178041543,1,7795.5,12440.17,66175.48,229,226122,4.295,0.042,8994,19,0,1,0,1,0
309552,48,6449,0.8204747774480712,241,0.7537091988130564,2,10370.0,11944.67,51495.36,330,226122,4.295,0.042,8994,57,1,0,0,1,0
161496,36,4486,0.13353115727002968,633,0.7537091988130564,2,3805.0,7397.93,44887.09,352,226122,4.295,0.042,8994,21,1,0,0,1,0
53232,48,1109,0.8204747774480712,638,0.7537091988130564,3,1550.0,2600.23,34816.92,305,226122,4.295,0.042,8994,29,1,0,0,1,0
193968,36,5388,0.04599406528189911,197,0.7537091988130564,1,5388.5,8926.52,52787.84,408,226122,4.295,0.042,8994,17,1,0,0,1,0
78696,36,2186,0.8204747774480712,224,0.7537091988130564,5,1158.6,3381.06,37644.32,193,226122,4.295,0.042,8994,27,0,1,0,1,0
309600,48,6450,0.13353115727002968,348,0.7537091988130564,1,6450.2,13248.57,66885.8,295,226122,4.295,0.042,8994,17,1,0,0,1,0
155616,48,3242,0.8204747774480712,691,0.7537091988130564,3,2220.0,4626.2,46860.13,384,226122,4.295,0.042,8994,26,0,1,0,1,0
60000,60,1000,0.8204747774480712,658,0.7537091988130564,3,1970.0,2606.17,36819.13,457,226122,4.295,0.042,8994,45,1,0,1,0,0
23412,12,1951,0.8204747774480712,603,0.1943620178041543,2,2592.5,7657.47,60391.83,205,226122,4.295,0.042,8994,38,1,0,0,1,0
217152,36,6032,0.8204747774480712,309,0.1943620178041543,2,7233.9,11444.6,56111.01,321,226122,4.295,0.042,8994,17,1,0,0,1,0
30276,12,2523,0.8204747774480712,498,0.7537091988130564,4,2653.55,10797.61,56279.13,274,228848,4.405,0.025,9893,32,1,0,0,1,0
230400,60,3840,0.8204747774480712,446,0.7537091988130564,5,2713.44,11415.41,68190.45,344,228848,4.405,0.025,9893,32,1,0,0,1,0
253200,60,4220,0.13353115727002968,255,0.7537091988130564,1,4219.5,9562.87,47187.39,393,228848,4.405,0.025,9893,44,0,1,1,0,0
35904,48,748,0.8204747774480712,296,0.7537091988130564,5,846.6,1522.23,17013.87,254,228848,4.405,0.025,9893,47,1,0,0,1,0
141948,36,3943,0.8204747774480712,114,0.1943620178041543,2,6792.5,6360.67,46668.52,213,228848,4.405,0.025,9893,46,0,1,0,1,0
99336,24,4139,0.8204747774480712,330,0.7537091988130564,2,4431.0,4162.0,39104.17,303,228848,4.405,0.025,9893,15,0,1,0,1,0
437460,60,7291,0.8204747774480712,312,0.1943620178041543,3,7241.77,15539.24,44637.06,85,228848,4.405,0.025,9893,45,0,1,0,1,0
81144,36,2254,0.8204747774480712,275,0.1943620178041543,2,6366.25,15296.14,63035.13,119,228848,4.405,0.025,9893,54,0,1,0,1,0
57060,12,4755,0.13353115727002968,415,0.1943620178041543,4,2341.5,9659.75,50740.85,196,228848,4.405,0.025,9893,51,1,0,0,1,0
30276,12,2523,0.8204747774480712,498,0.7537091988130564,4,2653.55,10809.4,53878.87,274,228848,4.405,0.025,9893,32,1,0,0,1,0
170448,48,3551,0.8204747774480712,473,0.7537091988130564,2,6590.0,7899.18,42927.04,161,228848,4.405,0.025,9893,54,0,1,0,1,0
76680,24,3195,0.8204747774480712,545,0.7537091988130564,3,5282.67,9683.49,54558.81,543,228848,4.405,0.025,9893,42,1,0,0,1,0
39576,12,3298,0.8204747774480712,338,0.7537091988130564,3,4411.43,5587.95,26055.66,238,228848,4.405,0.025,9893,33,0,1,0,1,0
41904,12,3492,0.8204747774480712,603,0.7537091988130564,3,3626.83,7649.53,58766.8,649,228848,4.405,0.025,9893,16,1,0,1,0,0
259740,60,4329,0.8204747774480712,155,0.7537091988130564,2,8371.4,8510.06,38296.06,441,228848,4.405,0.025,9893,11,1,0,0,1,0
48744,36,1354,0.8204747774480712,134,0.1943620178041543,2,2285.5,6264.88,50284.93,212,148545,4.785,0.024,8909,32,0,1,0,1,0
41988,12,3499,0.8204747774480712,622,0.7537091988130564,2,5072.5,4460.52,38957.13,141,148545,4.785,0.024,8909,22,1,0,0,1,0
87528,24,3647,0.04599406528189911,366,0.1943620178041543,1,3647.0,8315.96,58287.48,133,148545,4.785,0.024,8909,43,1,0,0,1,0
173808,24,7242,0.04599406528189911,383,0.7537091988130564,1,7242.0,15677.37,64091.72,454,148545,4.785,0.024,8909,37,0,1,0,1,0
49872,12,4156,0.04599406528189911,684,0.7537091988130564,5,2027.5,6657.85,56545.9,296,148545,4.785,0.024,8909,31,0,1,0,1,0
89040,60,1484,0.8204747774480712,392,0.7537091988130564,2,4262.5,3375.12,36367.29,535,148545,4.785,0.024,8909,24,0,1,0,1,0
123696,48,2577,0.8204747774480712,336,0.7537091988130564,3,2834.67,8497.66,53456.64,491,124605,4.835,0.024,8772,50,1,0,0,1,0
185544,36,5154,0.8204747774480712,293,0.7537091988130564,5,3670.4,6633.78,22717.74,57,124605,4.835,0.024,8772,55,1,0,0,1,0
244560,60,4076,0.8204747774480712,258,0.7537091988130564,2,8040.75,8956.28,30600.54,365,124605,4.835,0.024,8772,27,0,1,1,0,0
61320,60,1022,0.8204747774480712,331,0.7537091988130564,4,1041.5,2430.37,24398.91,176,124605,4.835,0.024,8772,50,0,1,0,1,0
12792,12,1066,0.8204747774480712,413,0.7537091988130564,2,2589.0,2509.3,35128.38,114,124605,4.835,0.024,8772,25,0,1,0,1,0
272220,60,4537,0.8204747774480712,339,0.7537091988130564,4,2729.82,7580.14,48846.99,190,124605,4.835,0.024,8772,57,0,1,0,1,0
189060,60,3151,0.04599406528189911,203,0.1943620178041543,2,4545.5,11889.72,55426.47,369,149893,4.845,0.037000000000000005,9753,36,0,1,0,1,0
402000,60,6700,0.8204747774480712,315,0.7537091988130564,3,3360.67,3093.84,24344.7,269,149893,4.845,0.037000000000000005,9753,12,1,0,0,1,0
68340,60,1139,0.8204747774480712,617,0.7537091988130564,2,5165.0,8400.55,50175.32,267,149893,4.845,0.037000000000000005,9753,40,1,0,0,1,0
63312,48,1319,0.8204747774480712,402,0.7537091988130564,3,1365.33,1556.71,17117.43,449,149893,4.845,0.037000000000000005,9753,38,0,1,1,0,0
21072,24,878,0.8204747774480712,135,0.7537091988130564,3,1735.33,2002.94,31828.28,544,149893,4.845,0.037000000000000005,9753,29,0,1,1,0,0
233424,36,6484,0.13353115727002968,254,0.7537091988130564,5,3649.34,9471.41,49418.36,232,149893,4.845,0.037000000000000005,9753,34,1,0,0,1,0
284280,60,4738,0.8204747774480712,561,0.02225519287833828,1,4738.0,13575.52,72794.26,297,114006,4.925,0.036000000000000004,9065,38,0,1,0,1,0
271260,60,4521,0.8204747774480712,458,0.7537091988130564,2,5682.5,4651.94,13352.83,99,114006,4.925,0.036000000000000004,9065,24,1,0,0,1,0
68544,24,2856,0.13353115727002968,258,0.7537091988130564,5,1965.8,6847.79,49882.26,312,114006,4.925,0.036000000000000004,9065,16,1,0,0,1,0
133848,24,5577,0.8204747774480712,697,0.7537091988130564,1,5577.3,10772.57,44806.23,173,114006,4.925,0.036000000000000004,9065,38,0,1,0,1,0
155880,24,6495,0.8204747774480712,641,0.1943620178041543,2,7399.9,12240.72,68464.94,392,114006,4.925,0.036000000000000004,9065,28,0,1,0,1,0
83280,48,1735,0.8204747774480712,628,0.1943620178041543,1,1735.0,4897.62,42475.0,286,114006,4.925,0.036000000000000004,9065,55,0,1,0,1,0
119136,48,2482,0.8204747774480712,641,0.7537091988130564,1,2482.0,8930.72,54140.82,256,114006,4.925,0.036000000000000004,9065,34,0,1,0,1,0
102876,12,8573,0.8204747774480712,462,0.1943620178041543,5,2487.6,4486.34,39814.61,274,323870,5.095,0.057,10673,52,1,0,0,1,0
128544,24,5356,0.04599406528189911,287,0.7537091988130564,5,2879.94,7622.76,51192.2,230,323870,5.095,0.057,10673,46,0,1,0,1,0
214596,36,5961,0.8204747774480712,138,0.1943620178041543,2,9794.5,16355.28,63789.81,128,323870,5.095,0.057,10673,56,1,0,0,1,0
380160,60,6336,0.8204747774480712,579,0.1943620178041543,1,6336.0,15204.01,67985.42,369,323870,5.095,0.057,10673,42,1,0,0,1,0
68124,12,5677,0.8204747774480712,320,0.7537091988130564,2,6937.0,7099.59,37501.17,162,323870,5.095,0.057,10673,36,1,0,0,1,0
146064,24,6086,0.8204747774480712,166,0.7537091988130564,4,4293.55,8585.53,43421.25,230,323870,5.095,0.057,10673,44,0,1,0,1,0
100128,24,4172,0.8204747774480712,589,0.1943620178041543,2,5153.5,10424.28,68942.87,245,323870,5.095,0.057,10673,50,0,1,0,1,0
221280,48,4610,0.13353115727002968,389,0.7537091988130564,2,6206.0,11057.84,37825.61,387,323870,5.095,0.057,10673,23,1,0,0,1,0
232560,48,4845,0.04599406528189911,164,0.7537091988130564,1,4845.0,10118.79,49002.03,243,323870,5.095,0.057,10673,26,0,1,0,1,0
59760,24,2490,0.8204747774480712,312,0.1943620178041543,2,5168.5,7037.15,62014.12,416,323870,5.095,0.057,10673,32,1,0,0,1,0
398640,60,6644,0.13353115727002968,512,0.7537091988130564,1,6643.7,14412.4,67899.04,401,323870,5.095,0.057,10673,35,0,1,0,1,0
17508,12,1459,0.8204747774480712,450,0.02225519287833828,1,1459.0,4660.76,51932.17,354,323870,5.095,0.057,10673,45,1,0,1,0,0
76992,24,3208,0.8204747774480712,139,0.1943620178041543,1,3207.8,10823.5,48684.29,164,323870,5.095,0.057,10673,28,1,0,0,1,0
194880,48,4060,0.8204747774480712,552,0.02967359050445104,2,4322.25,7799.98,38530.31,376,323870,5.095,0.057,10673,12,1,0,0,1,0
51696,24,2154,0.8204747774480712,396,0.1943620178041543,1,2153.8,12693.25,58674.81,500,323870,5.095,0.057,10673,26,0,1,0,1,0
285240,60,4754,0.8204747774480712,267,0.7537091988130564,2,4174.35,8281.74,41142.7,202,323870,5.095,0.057,10673,41,1,0,0,1,0
104712,24,4363,0.8204747774480712,691,0.7537091988130564,2,4254.35,9564.72,45250.42,457,323870,5.095,0.057,10673,46,1,0,0,1,0
191088,48,3981,0.8204747774480712,408,0.7537091988130564,1,3981.0,6226.96,32866.59,193,102609,5.14,0.021,8187,31,1,0,0,1,0
48312,24,2013,0.8204747774480712,503,0.7537091988130564,2,6360.0,5437.59,32698.88,214,102609,5.14,0.021,8187,35,1,0,0,1,0
174960,24,7290,0.8204747774480712,674,0.7537091988130564,1,7290.5,12685.58,65372.33,200,102609,5.14,0.021,8187,21,0,1,0,1,0
135360,48,2820,0.8204747774480712,363,0.02967359050445104,1,2819.8,13284.48,58129.02,293,102609,5.14,0.021,8187,16,1,0,0,1,0
141240,24,5885,0.8204747774480712,388,0.1943620178041543,5,3113.06,7783.76,63072.5,628,102609,5.14,0.021,8187,28,1,0,0,1,0
150912,36,4192,0.8204747774480712,333,0.1943620178041543,1,4192.5,9953.65,55372.95,198,102609,5.14,0.021,8187,22,0,1,0,1,0
220440,60,3674,0.13353115727002968,641,0.7537091988130564,2,6045.85,8710.16,38540.57,149,102609,5.14,0.021,8187,42,0,1,0,1,0
197748,36,5493,0.8204747774480712,163,0.7537091988130564,2,6505.0,7667.82,47919.99,428,102609,5.14,0.021,8187,24,0,1,1,0,0
317460,60,5291,0.8204747774480712,499,0.7537091988130564,3,3974.6,13987.6,66468.51,155,102609,5.14,0.021,8187,19,1,0,0,1,0
225420,60,3757,0.8204747774480712,312,0.7537091988130564,1,3757.0,5256.88,34890.91,313,117897,5.25,0.018000000000000002,8814,47,0,1,0,1,0
43164,12,3597,0.8204747774480712,363,0.7537091988130564,1,3597.0,12862.13,59798.34,381,117897,5.25,0.018000000000000002,8814,19,0,1,0,1,0
116496,24,4854,0.8204747774480712,684,0.7537091988130564,1,4853.8,11411.33,38920.76,188,117897,5.25,0.018000000000000002,8814,35,1,0,0,1,0
139536,24,5814,0.8204747774480712,576,0.7537091988130564,2,8267.25,11633.44,56452.65,481,117897,5.25,0.018000000000000002,8814,54,0,1,0,1,0
54024,12,4502,0.8204747774480712,675,0.1943620178041543,3,3091.43,7799.16,36105.77,378,117897,5.25,0.018000000000000002,8814,24,1,0,0,1,0
202848,48,4226,0.13353115727002968,349,0.7537091988130564,3,6200.43,8158.71,29765.3,192,127369,5.305,0.026000000000000002,8369,57,0,1,0,1,0
88200,36,2450,0.8204747774480712,462,0.7537091988130564,2,3067.1,5373.19,41158.96,116,127369,5.305,0.026000000000000002,8369,50,1,0,0,1,0
311232,48,6484,0.8204747774480712,542,0.1943620178041543,1,6483.7,15935.44,73529.32,263,127369,5.305,0.026000000000000002,8369,51,0,1,0,1,0
196224,48,4088,0.8204747774480712,168,0.02225519287833828,2,7222.0,17135.29,75639.47,94,127369,5.305,0.026000000000000002,8369,44,1,0,0,1,0
31140,60,519,0.8204747774480712,326,0.7537091988130564,1,519.0,2243.92,35676.31,83,127369,5.305,0.026000000000000002,8369,17,1,0,0,1,0
399120,60,6652,0.8204747774480712,450,0.7537091988130564,1,6652.5,6636.25,39458.02,154,138032,5.52,0.031,8819,55,0,1,0,1,0
68112,12,5676,0.8204747774480712,532,0.7537091988130564,4,3753.0,9235.26,53222.23,579,138032,5.52,0.031,8819,17,0,1,1,0,0
45768,12,3814,0.8204747774480712,447,0.7537091988130564,4,4439.18,11409.67,61220.06,286,138032,5.52,0.031,8819,49,1,0,0,1,0
182628,36,5073,0.8204747774480712,142,0.7537091988130564,2,4168.5,5049.23,39338.62,416,138032,5.52,0.031,8819,31,1,0,0,1,0
98184,24,4091,0.8204747774480712,111,0.7537091988130564,1,4090.8,7505.29,39696.39,412,114200,5.73,0.021,8403,49,0,1,0,1,0
100080,48,2085,0.8204747774480712,103,0.7537091988130564,2,5147.35,4788.38,29367.42,127,114200,5.73,0.021,8403,32,0,1,0,1,0
200976,48,4187,0.8204747774480712,219,0.7537091988130564,2,6870.65,8711.73,40951.64,265,114200,5.73,0.021,8403,37,1,0,0,1,0
244368,48,5091,0.04599406528189911,488,0.7537091988130564,1,5091.3,13069.85,63065.89,360,114200,5.73,0.021,8403,22,1,0,0,1,0
113544,36,3154,0.8204747774480712,358,0.7537091988130564,3,2962.67,6286.27,46865.74,363,114200,5.73,0.021,8403,49,1,0,0,1,0
27456,12,2288,0.13353115727002968,241,0.7537091988130564,4,1746.32,10550.07,49256.09,274,161227,5.75,0.03,8678,26,1,0,0,1,0
112752,36,3132,0.8204747774480712,674,0.1943620178041543,2,3467.5,5550.9,47716.64,176,161227,5.75,0.03,8678,42,0,1,0,1,0
172272,24,7178,0.8204747774480712,331,0.7537091988130564,2,10817.0,16212.6,63374.01,83,161227,5.75,0.03,8678,51,1,0,0,1,0
49488,24,2062,0.8204747774480712,217,0.1943620178041543,1,2062.0,8529.94,45033.66,87,161227,5.75,0.03,8678,56,0,1,0,1,0
154656,48,3222,0.8204747774480712,454,0.7537091988130564,2,3544.25,6471.86,40462.32,333,161227,5.75,0.03,8678,35,1,0,0,1,0
220428,36,6123,0.8204747774480712,166,0.7537091988130564,2,5894.0,15601.56,58814.78,161,106054,6.16,0.03,8110,31,1,0,0,1,0
45768,12,3814,0.13353115727002968,274,0.7537091988130564,1,3813.7,6009.7,31357.28,373,106054,6.16,0.03,8110,17,0,1,1,0,0
129408,24,5392,0.8204747774480712,440,0.7537091988130564,5,2137.4,3866.31,30469.94,344,106054,6.16,0.03,8110,34,0,1,0,1,0
46320,24,1930,0.8204747774480712,544,0.7537091988130564,5,1722.0,6810.39,45504.96,460,133777,6.68,0.036000000000000004,8705,13,1,0,0,1,0
17952,12,1496,0.8204747774480712,344,0.7537091988130564,2,3972.0,6096.6,31700.33,76,133777,6.68,0.036000000000000004,8705,45,0,1,0,1,0
289920,48,6040,0.8204747774480712,320,0.02225519287833828,1,6039.8,13441.24,64986.97,154,133777,6.68,0.036000000000000004,8705,54,0,1,0,1,0
155760,24,6490,0.8204747774480712,333,0.7537091988130564,2,9322.25,11844.91,45722.24,170,133777,6.68,0.036000000000000004,8705,49,0,1,0,1,0
88440,12,7370,0.04599406528189911,179,0.1943620178041543,1,7370.2,12807.85,52603.14,198,128118,6.78,0.054000000000000006,9317,51,0,1,0,1,0
239460,60,3991,0.8204747774480712,274,0.7537091988130564,3,4980.6,7174.26,35110.61,470,128118,6.78,0.054000000000000006,9317,52,0,1,1,0,0
15420,12,1285,0.8204747774480712,667,0.7537091988130564,3,2484.67,2940.81,34505.82,512,128118,6.78,0.054000000000000006,9317,30,0,1,1,0,0
300660,60,5011,0.8204747774480712,304,0.7537091988130564,4,3231.8,8247.93,49107.32,601,128118,6.78,0.054000000000000006,9317,40,1,0,0,1,0
42384,12,3532,0.8204747774480712,475,0.7537091988130564,3,2311.33,6647.55,43748.84,205,128118,6.78,0.054000000000000006,9317,56,0,1,0,1,0
186384,48,3883,0.13353115727002968,645,0.7537091988130564,2,4212.0,10415.23,56833.15,433,128118,6.78,0.054000000000000006,9317,33,1,0,0,1,0
125472,24,5228,0.8204747774480712,393,0.7537091988130564,2,5801.85,10603.13,48904.23,126,125236,7.055,0.042,9675,54,1,0,0,1,0
185952,48,3874,0.8204747774480712,375,0.7537091988130564,2,4249.35,9030.53,46685.1,356,125236,7.055,0.042,9675,46,1,0,0,1,0
67464,12,5622,0.8204747774480712,359,0.7537091988130564,1,5622.5,12340.98,52673.52,190,125236,7.055,0.042,9675,57,1,0,0,1,0
247920,48,5165,0.8204747774480712,412,0.1943620178041543,2,7344.1,13585.46,59124.54,194,125236,7.055,0.042,9675,56,0,1,0,1,0
10944,36,304,0.8204747774480712,659,0.7537091988130564,4,763.5,1540.05,23022.6,226,125236,7.055,0.042,9675,43,1,0,0,1,0
21852,36,607,0.8204747774480712,169,0.1943620178041543,5,1912.8,4174.14,56539.46,414,125236,7.055,0.042,9675,37,1,0,0,1,0
22104,12,1842,0.8204747774480712,379,0.7537091988130564,3,2637.67,4095.71,50942.98,157,125236,7.055,0.042,9675,33,0,1,0,1,0
67464,12,5622,0.8204747774480712,359,0.7537091988130564,1,5622.5,12352.04,55795.22,190,125236,7.055,0.042,9675,57,1,0,0,1,0
109344,12,9112,0.8204747774480712,504,0.1943620178041543,2,9020.0,7233.49,49698.99,129,285387,7.19,0.035,10177,54,0,1,0,1,0
210384,48,4383,0.8204747774480712,483,0.7537091988130564,2,5418.35,9630.43,47845.26,188,285387,7.19,0.035,10177,41,0,1,0,1,0
22260,60,371,0.8204747774480712,159,0.7537091988130564,2,1826.5,2251.9,30607.08,63,285387,7.19,0.035,10177,58,0,1,0,1,0
188532,36,5237,0.8204747774480712,648,0.7537091988130564,1,5237.0,14620.23,64388.99,210,285387,7.19,0.035,10177,23,0,1,0,1,0
55632,24,2318,0.8204747774480712,644,0.7537091988130564,1,2317.5,6178.5,30101.12,119,285387,7.19,0.035,10177,46,1,0,0,1,0
86184,12,7182,0.8204747774480712,237,0.1943620178041543,3,3475.17,11799.43,47496.08,269,285387,7.19,0.035,10177,56,0,1,0,1,0
92400,12,7700,0.8204747774480712,459,0.1943620178041543,3,4137.93,7329.52,42200.66,224,285387,7.19,0.035,10177,23,0,1,0,1,0
49440,60,824,0.8204747774480712,464,0.7537091988130564,4,1610.75,5092.53,53113.79,400,285387,7.19,0.035,10177,30,0,1,0,1,0
162624,48,3388,0.8204747774480712,585,0.7537091988130564,3,4306.33,6124.38,36298.75,294,285387,7.19,0.035,10177,39,0,1,0,1,0
83016,12,6918,0.8204747774480712,632,0.02967359050445104,3,4606.1,9277.95,61408.27,565,285387,7.19,0.035,10177,12,1,0,1,0,0
123600,60,2060,0.8204747774480712,297,0.7537091988130564,1,2060.0,8432.14,42213.87,229,285387,7.19,0.035,10177,25,1,0,0,1,0
73260,60,1221,0.8204747774480712,164,0.7537091988130564,3,3332.0,5400.75,32637.26,190,285387,7.19,0.035,10177,57,0,1,0,1,0
97392,12,8116,0.8204747774480712,400,0.7537091988130564,2,7221.6,10202.35,55253.61,203,285387,7.19,0.035,10177,33,1,0,0,1,0
134784,24,5616,0.8204747774480712,288,0.7537091988130564,1,5616.2,10682.7,62731.97,422,285387,7.19,0.035,10177,55,0,1,0,1,0
42840,12,3570,0.8204747774480712,265,0.7537091988130564,1,3570.0,5202.13,35217.84,135,285387,7.19,0.035,10177,56,1,0,0,1,0
33144,12,2762,0.8204747774480712,182,0.7537091988130564,4,2288.5,3833.72,24695.89,203,285387,7.19,0.035,10177,18,0,1,0,1,0
45024,48,938,0.8204747774480712,214,0.7537091988130564,3,2571.0,5758.37,40796.03,247,285387,7.19,0.035,10177,40,0,1,0,1,0
86184,12,7182,0.8204747774480712,237,0.1943620178041543,3,3475.17,11788.28,50556.81,269,285387,7.19,0.035,10177,56,0,1,0,1,0
305424,48,6363,0.8204747774480712,346,0.7537091988130564,3,4174.77,7444.95,42387.57,213,285387,7.19,0.035,10177,34,0,1,0,1,0
267600,48,5575,0.13353115727002968,678,0.7537091988130564,1,5575.3,11961.11,55270.81,193,285387,7.19,0.035,10177,40,0,1,0,1,0
89880,24,3745,0.13353115727002968,154,0.1943620178041543,1,3744.7,16527.96,73259.42,325,285387,7.19,0.035,10177,29,1,0,0,1,0
160920,36,4470,0.8204747774480712,359,0.1943620178041543,2,4841.25,11168.13,50293.42,65,85852,7.655,0.032,8965,23,1,0,0,1,0
71064,36,1974,0.8204747774480712,403,0.7537091988130564,3,2867.33,4549.54,32609.14,409,85852,7.655,0.032,8965,49,0,1,0,1,0
123216,48,2567,0.8204747774480712,561,0.02967359050445104,3,1873.1,10986.99,73383.99,439,85852,7.655,0.032,8965,19,0,1,0,1,0
130896,24,5454,0.8204747774480712,574,0.7537091988130564,2,4964.0,3598.55,36910.69,161,85852,7.655,0.032,8965,44,0,1,0,1,0
23628,12,1969,0.8204747774480712,547,0.7537091988130564,2,5735.85,12178.44,67867.18,570,85852,7.655,0.032,8965,37,1,0,0,1,0
327660,60,5461,0.8204747774480712,660,0.1943620178041543,2,9108.65,11413.26,50955.28,143,85852,7.655,0.032,8965,57,0,1,0,1,0
87360,24,3640,0.8204747774480712,321,0.1943620178041543,1,3639.5,9029.85,51558.5,398,85852,7.655,0.032,8965,28,1,0,0,1,0
212400,36,5900,0.13353115727002968,391,0.7537091988130564,1,5900.0,9688.58,62403.35,438,85852,7.655,0.032,8965,27,0,1,0,1,0
64860,60,1081,0.8204747774480712,561,0.7537091988130564,4,1137.25,3745.22,44139.58,180,85852,7.655,0.032,8965,19,0,1,0,1,0
96768,36,2688,0.8204747774480712,364,0.7537091988130564,2,7927.25,12966.32,59926.38,283,85852,7.655,0.032,8965,29,0,1,0,1,0
20832,48,434,0.8204747774480712,550,0.7537091988130564,5,1227.4,2197.58,20476.75,591,85852,7.655,0.032,8965,43,1,0,0,1,0
176148,36,4893,0.8204747774480712,135,0.7537091988130564,2,5038.0,11498.07,45596.19,230,85852,7.655,0.032,8965,33,0,1,0,1,0
44304,24,1846,0.8204747774480712,314,0.7537091988130564,3,2040.0,4074.93,57288.25,234,85852,7.655,0.032,8965,27,1,0,0,1,0
73056,48,1522,0.8204747774480712,290,0.7537091988130564,3,1772.0,2022.0,17913.51,294,119895,8.37,0.04,10446,21,1,0,0,1,0
253560,60,4226,0.8204747774480712,645,0.7537091988130564,1,4226.5,10167.7,40490.78,126,119895,8.37,0.04,10446,47,0,1,0,1,0
73836,36,2051,0.8204747774480712,188,0.1943620178041543,3,2447.67,8097.13,43375.65,335,119895,8.37,0.04,10446,28,0,1,0,1,0
91200,24,3800,0.8204747774480712,231,0.7537091988130564,2,7039.4,7871.54,32920.44,415,119895,8.37,0.04,10446,39,0,1,0,1,0
123408,24,5142,0.04599406528189911,384,0.02225519287833828,5,4004.8,7442.08,53253.45,322,119895,8.37,0.04,10446,28,1,0,0,1,0
