account_id,amount,duration,payments,frequency,date_diff,card_type,no_orders,avg_order,avg_trans,avg_bal,no_of_trans,total_inhabitants,avg_unemp_rt,avg_crime_rt,avg_salary,age_at_loan,gender,same_district,status
2,80952,24,3373,Monthly Statement,313,NULL,2,5319.35,6593.05,36540.7,478,1204953,0.36,0.077,12541,45,M,1,Good
426,252060,60,4201,Monthly Statement,232,NULL,3,4194.73,6998.75,34002.08,444,1204953,0.36,0.077,12541,29,F,0,Bad
718,76944,12,6412,Monthly Statement,535,classic,4,5075.25,9901.69,48722.66,281,1204953,0.36,0.077,12541,41,F,1,Good
1603,78936,12,6578,Monthly Statement,273,NULL,3,3374.67,3259.68,30917.35,499,1204953,0.36,0.077,12541,37,F,0,Good
1869,37944,36,1054,Monthly Statement,594,classic,1,1054,9041.93,67825.29,169,1204953,0.36,0.077,12541,32,F,1,Good
1876,209040,24,8710,Monthly Statement,355,junior,3,3920.67,6418.4,45958.46,92,1204953,0.36,0.077,12541,15,M,1,Good
1906,44952,24,1873,Monthly Statement,433,NULL,3,3128.6,8166.45,49927.9,216,1204953,0.36,0.077,12541,24,M,1,Good
2106,101520,12,8460,Monthly Statement,245,NULL,2,5964,5007.85,22391.5,185,1204953,0.36,0.077,12541,20,F,1,Good
2143,71460,36,1985,Monthly Statement,240,junior,2,4624.5,7506.29,33956.62,228,1204953,0.36,0.077,12541,16,F,1,Good
2246,415800,60,6930,Monthly Statement,286,NULL,1,6930,12953.86,46116.73,189,1204953,0.36,0.077,12541,47,F,1,Good
2268,20196,36,561,Monthly Statement,523,NULL,2,3151.5,8081.11,55270.52,286,1204953,0.36,0.077,12541,21,M,1,Good
2486,24516,12,2043,Monthly Statement,317,NULL,1,2043,12940.83,55885.48,534,1204953,0.36,0.077,12541,31,M,1,Good
2545,428784,48,8933,Monthly Statement,436,NULL,4,3238.5,3644.06,19475.24,192,1204953,0.36,0.077,12541,58,M,1,Good
2622,136344,24,5681,Monthly Statement,638,NULL,2,6374,4816.75,34076.86,179,1204953,0.36,0.077,12541,34,F,1,Good
2872,268320,60,4472,Monthly Statement,257,NULL,3,4190.33,4333.39,18990.22,173,1204953,0.36,0.077,12541,45,F,1,Good
2962,31248,12,2604,Monthly Statement,570,NULL,1,2604.5,11484.25,60424.51,422,1204953,0.36,0.077,12541,56,F,1,Good
3230,77184,36,2144,Monthly Statement,573,NULL,1,2144,11790.42,47050.96,264,1204953,0.36,0.077,12541,42,F,1,Good
3293,276084,36,7669,Monthly Statement,476,classic,5,2349.14,10670.77,59131.29,155,1204953,0.36,0.077,12541,35,F,1,Good
3664,271584,48,5658,Monthly Statement,510,classic,1,5658,12413.42,66368.94,198,1204953,0.36,0.077,12541,17,M,1,Good
3678,316140,60,5269,Monthly Statement,683,NULL,1,5269,3866.65,9629.35,414,1204953,0.36,0.077,12541,23,M,1,Bad
3747,76380,12,6365,Monthly Statement,246,NULL,4,3020.25,3044.82,17848.63,421,1204953,0.36,0.077,12541,38,F,1,Good
3752,18564,12,1547,Monthly Statement,128,NULL,2,2382.5,5503.64,54388.83,320,1204953,0.36,0.077,12541,32,F,1,Good
3862,74916,36,2081,Monthly Statement,664,NULL,3,4470.93,12611.07,58487.88,206,1204953,0.36,0.077,12541,52,M,1,Good
3953,63576,12,5298,Monthly Statement,202,NULL,1,5297.7,9966.86,57357.94,127,1204953,0.36,0.077,12541,38,F,1,Good
4144,212976,36,5916,Monthly Statement,671,NULL,2,7334.35,10934.23,47824.52,185,1204953,0.36,0.077,12541,25,F,1,Good
4616,66696,24,2779,Monthly Statement,110,classic,2,7519.35,14029.17,75595.63,124,1204953,0.36,0.077,12541,18,M,1,Good
4994,258444,36,7179,Weekly Statement,205,NULL,1,7178.8,10195.77,56216.58,206,1204953,0.36,0.077,12541,26,M,1,Good
4999,165168,36,4588,Monthly Statement,461,classic,3,5981.17,8620.77,46892.64,253,1204953,0.36,0.077,12541,39,F,1,Good
5120,323472,48,6739,Monthly Statement,415,classic,2,4873.35,9866.77,48719.46,453,1204953,0.36,0.077,12541,54,F,1,Good
5213,320976,48,6687,Monthly Statement,251,classic,1,6687,13399.67,47205.48,301,1204953,0.36,0.077,12541,56,M,1,Bad
5698,99216,36,2756,Monthly Statement,443,NULL,2,6438,12802.76,58031.57,99,1204953,0.36,0.077,12541,48,F,1,Good
5774,31176,24,1299,Monthly Statement,173,NULL,3,3285,5959.42,34951.46,303,1204953,0.36,0.077,12541,24,M,1,Good
5991,61056,48,1272,Monthly Statement,347,NULL,3,2495,4734.44,33080.65,459,1204953,0.36,0.077,12541,37,F,0,Good
6040,11736,24,489,Monthly Statement,528,NULL,4,2365,5635.81,34715.78,580,1204953,0.36,0.077,12541,52,M,1,Good
6061,5148,12,429,Monthly Statement,446,NULL,2,4475,7497.5,40547.79,126,1204953,0.36,0.077,12541,35,F,1,Good
6118,270648,36,7518,Weekly Statement,307,NULL,1,7518,7433.61,44437.71,408,1204953,0.36,0.077,12541,53,M,1,Bad
6434,110136,24,4589,Monthly Statement,553,NULL,2,4740.1,10719.85,48492.1,244,1204953,0.36,0.077,12541,39,F,1,Good
6440,34572,12,2881,Monthly Statement,228,NULL,1,2881,9941.23,49152.76,145,1204953,0.36,0.077,12541,20,F,1,Good
6592,390660,60,6511,Monthly Statement,308,junior,2,8632.85,14761.07,68033.45,224,1204953,0.36,0.077,12541,19,F,1,Good
6649,100260,60,1671,Monthly Statement,684,classic,1,1671,10793.66,52747.2,186,1204953,0.36,0.077,12541,26,M,1,Good
6792,17184,12,1432,Monthly Statement,310,NULL,4,1356,3228.95,32435.25,256,1204953,0.36,0.077,12541,53,F,1,Good
7099,234336,48,4882,Monthly Statement,659,NULL,4,4353.12,8017.96,40076.48,223,1204953,0.36,0.077,12541,27,F,1,Good
7133,48672,36,1352,Monthly Statement,415,NULL,5,850,1315.57,18803.08,567,1204953,0.36,0.077,12541,47,F,0,Good
7176,203940,60,3399,Monthly Statement,358,NULL,2,4754.5,8350.81,43275.1,149,1204953,0.36,0.077,12541,44,F,1,Good
7401,80952,24,3373,Monthly Statement,313,NULL,2,5319.35,6605.89,35557.5,478,1204953,0.36,0.077,12541,45,M,1,Good
7607,31728,24,1322,Monthly Statement,568,NULL,2,3671,4838.52,35077.34,433,1204953,0.36,0.077,12541,41,M,1,Good
7674,94488,24,3937,Monthly Statement,243,NULL,3,4265.77,10876.4,61186.58,258,1204953,0.36,0.077,12541,35,M,1,Good
7844,91584,24,3816,Monthly Statement,211,NULL,1,3816,11498.81,48070.33,366,1204953,0.36,0.077,12541,43,F,0,Good
8041,140400,36,3900,Monthly Statement,392,classic,1,3900.5,12672.65,62794.68,442,1204953,0.36,0.077,12541,49,M,0,Good
8051,208320,48,4340,Weekly Statement,479,NULL,1,4340,9533.83,41532.32,416,1204953,0.36,0.077,12541,26,F,0,Good
8327,247728,48,5161,Weekly Statement,215,junior,3,3934.73,7587.21,48589.13,339,1204953,0.36,0.077,12541,13,M,1,Good
8558,288360,60,4806,Per Transaction,107,NULL,1,4806.5,6030.21,37991.87,337,1204953,0.36,0.077,12541,55,M,1,Good
8772,88272,48,1839,Monthly Statement,399,NULL,2,4598.15,3912.76,15259.59,192,1204953,0.36,0.077,12541,18,F,1,Good
8784,74352,24,3098,Monthly Statement,559,NULL,2,5097.5,10743.86,49900.94,191,1204953,0.36,0.077,12541,40,F,1,Good
8899,125340,60,2089,Weekly Statement,476,NULL,2,2900.9,9901.12,65644.52,471,1204953,0.36,0.077,12541,48,M,1,Good
8926,566640,60,9444,Monthly Statement,308,NULL,5,3443.2,4270.25,37751.48,200,1204953,0.36,0.077,12541,26,F,1,Good
9024,70656,48,1472,Monthly Statement,273,NULL,2,3871,4368.28,26800.23,263,1204953,0.36,0.077,12541,40,M,1,Good
9034,38148,12,3179,Monthly Statement,171,NULL,4,4403,5386.02,39267.01,611,1204953,0.36,0.077,12541,29,F,1,Good
9037,321936,48,6707,Monthly Statement,693,NULL,3,4718.67,4143.29,35405.3,206,1204953,0.36,0.077,12541,37,F,1,Good
9265,39576,12,3298,Monthly Statement,522,junior,3,5602.77,8694.95,64095.11,643,1204953,0.36,0.077,12541,14,F,0,Good
9377,99936,24,4164,Monthly Statement,590,classic,3,3635,8033.49,63444.43,347,1204953,0.36,0.077,12541,31,F,1,Good
9403,120888,36,3358,Weekly Statement,496,NULL,2,3291.5,6206.53,39186.99,431,1204953,0.36,0.077,12541,50,F,1,Good
9472,36396,12,3033,Weekly Statement,671,NULL,2,4076,9881.05,53966.39,454,1204953,0.36,0.077,12541,19,M,0,Good
9510,228276,36,6341,Monthly Statement,166,NULL,1,6341,6025.83,36799.78,167,1204953,0.36,0.077,12541,31,M,1,Good
9560,157068,36,4363,Monthly Statement,245,NULL,2,5798.35,11534.26,52712.79,88,1204953,0.36,0.077,12541,27,F,1,Good
9640,76416,24,3184,Monthly Statement,669,NULL,3,5956.1,6509.83,40070.96,530,1204953,0.36,0.077,12541,53,M,1,Good
9646,279072,48,5814,Weekly Statement,611,NULL,1,5813.5,12456.66,42764.55,143,1204953,0.36,0.077,12541,25,M,1,Good
9897,36168,12,3014,Monthly Statement,202,NULL,4,3953.12,5208,30307.7,382,1204953,0.36,0.077,12541,30,M,1,Good
10022,218064,48,4543,Monthly Statement,241,classic,3,5441.57,8411.59,52006.02,133,1204953,0.36,0.077,12541,54,F,1,Good
10068,77808,12,6484,Monthly Statement,117,NULL,1,6483.7,11947.69,54901.3,144,1204953,0.36,0.077,12541,38,M,1,Good
10093,231696,36,6436,Weekly Statement,476,NULL,4,4152.75,9992.61,44400.91,470,1204953,0.36,0.077,12541,18,M,1,Good
10131,215388,36,5983,Monthly Statement,156,NULL,1,5983,7253.25,35553.19,399,1204953,0.36,0.077,12541,30,M,0,Bad
10404,194280,60,3238,Monthly Statement,426,classic,5,1519,5957.95,47123.98,208,1204953,0.36,0.077,12541,25,M,1,Good
10451,482940,60,8049,Monthly Statement,477,NULL,4,3957.5,3753.92,19822.55,598,1204953,0.36,0.077,12541,19,F,1,Bad
10652,45720,12,3810,Monthly Statement,415,NULL,3,2487.33,9059.65,38910.12,149,1204953,0.36,0.077,12541,19,F,1,Good
10679,197808,24,8242,Monthly Statement,125,classic,2,7455.9,17554.73,67736.73,116,1204953,0.36,0.077,12541,35,F,1,Good
10762,68832,36,1912,Monthly Statement,330,NULL,2,3673.5,6292.37,36905.75,245,1204953,0.36,0.077,12541,33,M,1,Good
10911,131292,36,3647,Weekly Statement,425,NULL,2,5479.5,7146.4,39886.77,460,1204953,0.36,0.077,12541,36,M,1,Good
11013,274740,60,4579,Weekly Statement,204,junior,3,4944.67,11166.87,56912.55,571,1204953,0.36,0.077,12541,11,M,0,Good
11021,168984,24,7041,Monthly Statement,571,NULL,1,7040.7,10103.73,63229.36,499,1204953,0.36,0.077,12541,15,M,1,Bad
11111,108144,36,3004,Monthly Statement,256,NULL,2,3870.25,11284.77,59002.17,492,1204953,0.36,0.077,12541,31,F,0,Good
11141,44940,12,3745,Weekly Statement,238,classic,1,3744.7,11159.27,61940.02,152,1204953,0.36,0.077,12541,22,F,1,Good
11231,89280,12,7440,Monthly Statement,261,NULL,3,5817.5,12635.16,50357.55,173,1204953,0.36,0.077,12541,46,M,1,Good
11349,419880,60,6998,Weekly Statement,156,NULL,2,8942,13017.67,48769.45,304,1204953,0.36,0.077,12541,50,F,1,Good
1166,149040,48,3105,Monthly Statement,292,NULL,2,3751.1,6158.57,37200.37,447,75637,0.52,0.046,9622,25,F,1,Good
2824,50460,60,841,Monthly Statement,269,gold,2,4065,4952.83,56606.76,413,75637,0.52,0.046,9622,47,F,1,Good
4081,137904,24,5746,Monthly Statement,129,NULL,1,5746,5014.36,10176.76,215,75637,0.52,0.046,9622,24,M,1,Bad
7274,49044,12,4087,Monthly Statement,165,NULL,2,4344.9,9049.85,37358.74,87,75637,0.52,0.046,9622,45,F,1,Good
8173,80340,12,6695,Monthly Statement,319,junior,1,6695,13587.57,56843.84,423,75637,0.52,0.046,9622,18,F,0,Good
9225,164256,48,3422,Monthly Statement,468,NULL,1,3421.5,9705.64,52243.15,264,75637,0.52,0.046,9622,21,M,1,Good
9236,86616,12,7218,Monthly Statement,125,NULL,3,3911,3690.74,55418.81,561,75637,0.52,0.046,9622,28,M,1,Good
9631,59448,24,2477,Monthly Statement,502,NULL,1,2476.8,5682.89,26120.89,177,75637,0.52,0.046,9622,36,M,1,Good
9828,126600,24,5275,Monthly Statement,693,NULL,1,5274.7,11348.63,45819.11,406,75637,0.52,0.046,9622,52,M,0,Good
10663,260028,36,7223,Monthly Statement,689,classic,3,7107.4,11962.19,46606.31,473,75637,0.52,0.046,9622,15,M,1,Good
11065,69360,48,1445,Monthly Statement,450,NULL,1,1445,4401.69,33499.83,403,75637,0.52,0.046,9622,49,M,0,Good
2933,272520,60,4542,Monthly Statement,333,NULL,2,5224.5,10610.79,52304.94,473,92084,0.55,0.044,10124,51,M,1,Good
3021,155616,48,3242,Monthly Statement,228,NULL,1,3241.8,7722.89,31852.17,177,92084,0.55,0.044,10124,37,F,1,Good
5650,98592,24,4108,Per Transaction,183,NULL,2,7319.15,8015.79,43995.21,327,92084,0.55,0.044,10124,32,F,1,Good
7997,160656,24,6694,Monthly Statement,651,NULL,1,6694.2,12408.08,52846.79,225,92084,0.55,0.044,10124,27,F,1,Good
9104,172080,48,3585,Monthly Statement,198,NULL,1,3585.2,8530.75,56994.87,403,92084,0.55,0.044,10124,37,F,1,Good
666,12540,12,1045,Monthly Statement,623,classic,4,2054.5,3887.4,47634.94,276,67298,0.97,0.016,8561,58,F,1,Good
3942,107352,36,2982,Weekly Statement,522,NULL,2,8205.25,12275.05,57349.79,199,67298,0.97,0.016,8561,58,F,1,Good
4576,300204,36,8339,Monthly Statement,364,NULL,1,8339,6633.34,35204.12,415,67298,0.97,0.016,8561,26,M,0,Good
4585,64656,48,1347,Monthly Statement,124,classic,2,2706,4487.17,38747.53,194,67298,0.97,0.016,8561,46,M,1,Good
5944,78720,48,1640,Monthly Statement,377,classic,2,3162.5,7561.67,47499.13,112,67298,0.97,0.016,8561,54,F,1,Good
7894,153144,36,4254,Monthly Statement,560,classic,3,3912.9,10103.44,54465.69,286,67298,0.97,0.016,8561,25,M,1,Good
9859,300600,60,5010,Monthly Statement,398,classic,4,2064.88,7512.34,48721.28,251,67298,0.97,0.016,8561,33,F,1,Good
10233,239160,60,3986,Monthly Statement,437,NULL,5,1948.14,6021.62,33274.18,291,67298,0.97,0.016,8561,46,M,1,Good
10257,37812,12,3151,Monthly Statement,489,NULL,2,8976.15,14228,52987.37,158,67298,0.97,0.016,8561,34,F,1,Good
6699,127200,48,2650,Monthly Statement,473,NULL,3,5152.4,6352.97,38370.17,222,88768,1.115,0.039,8867,28,M,1,Good
10134,136368,24,5682,Monthly Statement,260,NULL,2,7608.4,12410.42,50507.8,148,58400,1.175,0.019,8620,25,M,1,Good
10365,260640,36,7240,Monthly Statement,490,NULL,5,4012.8,8910.68,48178.84,352,58400,1.175,0.019,8620,48,F,1,Bad
67,165960,24,6915,Monthly Statement,561,NULL,3,4584.33,11827.65,56893.32,382,93931,1.33,0.02,8427,52,F,1,Good
813,24312,12,2026,Monthly Statement,455,NULL,1,2025.7,4903.94,36158.4,392,93931,1.33,0.02,8427,39,F,1,Good
2167,170256,24,7094,Monthly Statement,448,classic,2,6508,8136.21,55541.29,412,93931,1.33,0.02,8427,29,F,1,Good
3460,140688,48,2931,Monthly Statement,416,NULL,1,2931,9087.7,48259.28,114,93931,1.33,0.02,8427,53,M,1,Good
6609,60156,36,1671,Monthly Statement,230,NULL,3,2392,8003.18,38553.85,281,93931,1.33,0.02,8427,15,M,1,Bad
6688,22968,36,638,Monthly Statement,120,NULL,4,1060.75,2234.51,39637.22,249,93931,1.33,0.02,8427,46,F,1,Good
7594,130464,48,2718,Monthly Statement,664,NULL,5,1748.4,7555.97,52439.93,323,93931,1.33,0.02,8427,20,M,1,Good
10644,269964,36,7499,Monthly Statement,341,junior,2,9275.85,14032.99,61828.31,120,93931,1.33,0.02,8427,19,F,1,Good
10812,140688,48,2931,Monthly Statement,416,NULL,1,2931,9105.02,45509.38,114,93931,1.33,0.02,8427,53,M,1,Good
10963,115812,36,3217,Monthly Statement,585,NULL,1,3216.7,11652.89,60348.87,284,93931,1.33,0.02,8427,40,M,1,Good
11079,98304,12,8192,Monthly Statement,533,classic,1,8191.5,16430.45,73271.69,246,93931,1.33,0.02,8427,23,M,1,Good
472,196800,24,8200,Monthly Statement,199,NULL,1,8200.2,17553.45,58574.13,159,112065,1.345,0.045,11277,37,F,1,Bad
3916,96984,36,2694,Monthly Statement,287,NULL,4,4310.42,5693.39,18985.98,94,112065,1.345,0.045,11277,22,M,1,Good
4715,97176,24,4049,Monthly Statement,137,classic,1,4049,16946.35,58574.97,153,112065,1.345,0.045,11277,42,F,1,Good
9677,31620,60,527,Monthly Statement,247,NULL,2,4735.5,4835.31,34813.65,161,112065,1.345,0.045,11277,54,M,1,Good
10019,194940,36,5415,Monthly Statement,468,NULL,1,5415,10427.72,52650.04,250,112065,1.345,0.045,11277,28,M,1,Good
309,91248,48,1901,Monthly Statement,579,NULL,1,1901,7707.53,29792.62,108,177686,1.565,0.036,10045,26,F,1,Good
3115,321180,60,5353,Monthly Statement,233,NULL,2,10038.15,11196.76,36220.73,206,177686,1.565,0.036,10045,56,M,1,Good
4456,321240,60,5354,Monthly Statement,524,classic,1,5353.5,11495.9,70888.95,192,177686,1.565,0.036,10045,24,M,1,Good
4894,117024,24,4876,Monthly Statement,137,classic,1,4875.8,10335.82,63274.3,410,177686,1.565,0.036,10045,54,M,1,Good
5724,232560,48,4845,Per Transaction,630,NULL,5,1919.8,6653.08,34838.13,417,177686,1.565,0.036,10045,58,F,1,Good
8381,333648,48,6951,Monthly Statement,311,NULL,3,5243.27,10303,49787.86,267,177686,1.565,0.036,10045,21,F,1,Bad
8547,173016,36,4806,Weekly Statement,318,classic,1,4806.5,10054.16,55377.96,339,177686,1.565,0.036,10045,51,F,1,Good
10297,421008,48,8771,Monthly Statement,304,classic,2,9336.5,7538.23,49500,228,177686,1.565,0.036,10045,39,M,1,Good
854,87216,48,1817,Monthly Statement,616,NULL,4,1536.75,2768.04,26392.84,511,145688,1.575,0.019,8544,41,F,0,Good
1250,182640,48,3805,Monthly Statement,242,NULL,3,4645.07,7404.14,27296.22,221,145688,1.575,0.019,8544,55,F,1,Good
1498,165780,60,2763,Weekly Statement,607,NULL,1,2762.8,9533.13,46121.09,132,145688,1.575,0.019,8544,43,M,1,Good
4190,405780,60,6763,Monthly Statement,694,NULL,4,3001.5,3526.1,31995.66,316,145688,1.575,0.019,8544,43,M,1,Good
4447,192744,36,5354,Monthly Statement,137,NULL,1,5353.5,10446.92,47651.15,187,145688,1.575,0.019,8544,29,M,1,Good
6738,37908,12,3159,Monthly Statement,460,NULL,1,3159,7478.69,37719.56,288,145688,1.575,0.019,8544,19,F,1,Good
7614,320592,48,6679,Monthly Statement,465,classic,1,6678.7,14049.9,63984.1,283,145688,1.575,0.019,8544,26,F,1,Good
8919,76104,24,3171,Monthly Statement,340,NULL,3,2002.33,1894.13,22085.38,141,145688,1.575,0.019,8544,37,F,1,Good
9548,46176,48,962,Monthly Statement,161,NULL,2,5287.5,6138.11,53416.47,182,145688,1.575,0.019,8544,26,M,1,Good
10079,167100,60,2785,Monthly Statement,335,classic,1,2784.8,12142.32,56108.4,438,145688,1.575,0.019,8544,24,F,1,Good
319,369000,60,6150,Weekly Statement,633,NULL,4,2454.62,8953.59,63669.21,376,162580,1.66,0.035,9538,23,F,1,Good
1656,189792,48,3954,Monthly Statement,635,NULL,2,8033.65,8200.43,35229.68,144,162580,1.66,0.035,9538,54,M,1,Good
4852,213300,36,5925,Monthly Statement,326,NULL,2,5359.5,3662.55,24255.47,275,162580,1.66,0.035,9538,28,M,1,Good
5305,240528,48,5011,Monthly Statement,561,NULL,1,5011.2,11718.57,39089.11,149,162580,1.66,0.035,9538,38,M,1,Good
5395,158184,36,4394,Monthly Statement,497,NULL,1,4393.8,9078.15,52628.79,196,162580,1.66,0.035,9538,40,M,1,Good
6030,28248,24,1177,Monthly Statement,557,gold,1,1177,7888.51,60557.28,353,162580,1.66,0.035,9538,25,F,1,Good
8038,35856,24,1494,Monthly Statement,519,classic,2,3354.5,7672.57,55829.7,168,162580,1.66,0.035,9538,31,F,1,Good
8533,174048,48,3626,Monthly Statement,345,classic,1,3626,10587.94,66296.53,296,162580,1.66,0.035,9538,45,F,1,Good
9031,50112,24,2088,Monthly Statement,108,NULL,4,1776.5,4031.66,34675.32,189,162580,1.66,0.035,9538,45,M,1,Good
9093,189300,60,3155,Monthly Statement,413,classic,3,2361,4664.36,50215.64,580,162580,1.66,0.035,9538,37,M,0,Good
2247,72504,24,3021,Monthly Statement,317,NULL,5,1333.4,5381.53,40649.7,300,122603,1.7,0.043,8991,47,F,1,Good
2419,95808,12,7984,Monthly Statement,429,NULL,1,7984.3,14347.52,66389.96,420,122603,1.7,0.043,8991,50,M,0,Good
4414,97224,24,4051,Monthly Statement,531,NULL,3,3758.67,3752.43,34073.23,478,122603,1.7,0.043,8991,44,F,0,Good
4476,15192,24,633,Monthly Statement,685,NULL,4,1960.75,3791.62,27463.7,406,122603,1.7,0.043,8991,24,F,1,Good
5428,174744,24,7281,Monthly Statement,163,NULL,1,7281.3,10178.94,45002.22,458,122603,1.7,0.043,8991,45,F,1,Bad
6062,321360,60,5356,Monthly Statement,599,classic,2,7982,11507.83,53716.3,202,122603,1.7,0.043,8991,19,M,1,Good
8073,49320,12,4110,Per Transaction,167,NULL,3,5457.33,9737.57,49615.36,533,122603,1.7,0.043,8991,48,F,1,Bad
10001,19044,36,529,Monthly Statement,410,NULL,1,529,5865.2,56285.16,248,122603,1.7,0.043,8991,22,F,1,Good
2279,314688,48,6556,Weekly Statement,579,classic,1,6556.3,14780.37,56690.33,147,88884,1.76,0.027,8507,20,M,1,Good
2720,93888,36,2608,Weekly Statement,315,NULL,3,4511.07,12418.7,63682.54,167,88884,1.76,0.027,8507,58,M,1,Good
4727,107640,24,4485,Monthly Statement,179,NULL,3,3308.67,10215.47,57480.77,353,88884,1.76,0.027,8507,36,F,1,Good
7745,77544,36,2154,Monthly Statement,386,classic,2,6156.9,12036.85,45833.58,169,88884,1.76,0.027,8507,56,F,1,Good
8492,85860,60,1431,Monthly Statement,431,classic,2,2917,3307.31,41859.7,422,88884,1.76,0.027,8507,40,F,1,Good
10645,208332,36,5787,Monthly Statement,561,NULL,2,4763.5,15529.61,66259.24,163,88884,1.76,0.027,8507,18,F,1,Good
344,100980,60,1683,Monthly Statement,385,NULL,2,3211,4615.17,41086.57,399,387570,1.78,0.048,9897,25,M,1,Good
442,357840,48,7455,Monthly Statement,102,NULL,3,5043,10057.35,31241.49,80,387570,1.78,0.048,9897,56,F,1,Bad
790,208128,48,4336,Monthly Statement,439,classic,1,4335.8,9284.46,45511.25,406,387570,1.78,0.048,9897,39,M,1,Bad
1093,385104,48,8023,Monthly Statement,516,NULL,2,9141.9,14952.23,47677.04,243,387570,1.78,0.048,9897,41,F,1,Good
2064,83628,36,2323,Monthly Statement,239,NULL,1,2322.7,5482.36,26644.3,128,387570,1.78,0.048,9897,20,F,1,Good
3834,23052,12,1921,Monthly Statement,617,NULL,5,1772.2,3333.55,24129.71,665,387570,1.78,0.048,9897,54,F,1,Good
3967,84600,36,2350,Monthly Statement,188,NULL,1,2349.5,12677.08,57086.61,189,387570,1.78,0.048,9897,55,M,1,Bad
4099,41856,48,872,Monthly Statement,431,classic,4,1124.75,4679.21,41713.7,255,387570,1.78,0.048,9897,37,F,1,Good
4746,204780,60,3413,Monthly Statement,198,classic,1,3413,15682,65213.01,153,387570,1.78,0.048,9897,41,M,1,Good
4981,179328,48,3736,Monthly Statement,311,NULL,2,4333,7811.22,35846.19,227,387570,1.78,0.048,9897,19,M,1,Good
5033,11400,12,950,Monthly Statement,357,NULL,4,1430,2054.27,28142.6,321,387570,1.78,0.048,9897,16,F,1,Good
5180,58764,12,4897,Monthly Statement,507,classic,1,4897,11962.61,45220.68,74,387570,1.78,0.048,9897,53,F,1,Good
5891,65184,12,5432,Monthly Statement,448,gold,1,5432.3,11066.27,70233.51,464,387570,1.78,0.048,9897,33,M,0,Good
6138,67608,24,2817,Monthly Statement,189,NULL,2,6843.15,7141.83,23762.46,115,387570,1.78,0.048,9897,35,F,1,Good
6678,294384,48,6133,Monthly Statement,553,NULL,1,6133,14978.2,66044.01,274,387570,1.78,0.048,9897,31,F,1,Good
7542,590820,60,9847,Monthly Statement,521,NULL,3,5639.67,4975.94,37909.66,220,387570,1.78,0.048,9897,26,M,1,Good
7966,473280,60,7888,Monthly Statement,254,NULL,1,7887.7,8347.04,44964.87,168,387570,1.78,0.048,9897,30,F,1,Bad
8092,56100,60,935,Monthly Statement,405,NULL,2,3575.5,3594.64,20582.01,269,387570,1.78,0.048,9897,34,M,1,Good
8523,93036,12,7753,Monthly Statement,447,NULL,1,7753.3,13661.78,55230.82,185,387570,1.78,0.048,9897,17,F,1,Good
9424,83628,36,2323,Monthly Statement,239,NULL,1,2322.7,5486.82,26198.42,128,387570,1.78,0.048,9897,20,F,1,Good
9730,116040,60,1934,Monthly Statement,226,NULL,3,2318.67,3370.29,25973.53,157,387570,1.78,0.048,9897,58,F,1,Good
9731,113796,36,3161,Per Transaction,356,NULL,3,3149.23,5871.89,31905.48,346,387570,1.78,0.048,9897,20,M,1,Good
10266,75624,24,3151,Monthly Statement,196,NULL,1,3151.3,9714.77,38446.59,453,387570,1.78,0.048,9897,31,M,1,Bad
11328,280440,60,4674,Monthly Statement,620,NULL,1,4674,9087.81,46942.41,146,387570,1.78,0.048,9897,46,F,1,Good
19,30276,12,2523,Monthly Statement,388,NULL,1,2523.2,5199.72,16253.07,303,103347,1.79,0.023,9104,57,F,1,Bad
105,352704,48,7348,Monthly Statement,513,classic,1,7348,8368.81,30200.6,59,103347,1.79,0.023,9104,48,F,1,Good
785,156096,36,4336,Weekly Statement,187,NULL,2,5865.4,8741.08,43870.6,108,103347,1.79,0.023,9104,42,M,1,Good
7418,30276,12,2523,Monthly Statement,388,NULL,1,2523.2,4177.47,16124.03,377,103347,1.79,0.023,9104,57,F,1,Bad
7606,191880,60,3198,Monthly Statement,272,NULL,3,4440.6,10185.41,55607.89,402,103347,1.79,0.023,9104,43,M,1,Good
9494,116832,12,9736,Monthly Statement,275,NULL,2,7241,5331.22,26965.39,200,103347,1.79,0.023,9104,48,F,1,Good
10361,86880,12,7240,Monthly Statement,346,classic,1,7240,17625.75,44567.11,160,103347,1.79,0.023,9104,57,F,1,Good
1762,248148,36,6893,Monthly Statement,503,NULL,4,3267.5,5135.56,30375.07,490,72541,1.815,0.021,8594,55,F,1,Good
1766,30060,60,501,Monthly Statement,651,classic,5,1467.2,4538.91,28752.8,483,72541,1.815,0.021,8594,41,M,1,Good
1808,385584,48,8033,Monthly Statement,502,NULL,1,8033.2,12144.22,69693.27,101,72541,1.815,0.021,8594,20,M,1,Good
2361,156672,36,4352,Monthly Statement,400,NULL,2,4482.5,3251.26,19727.55,367,72541,1.815,0.021,8594,39,F,1,Good
5317,90180,36,2505,Monthly Statement,138,NULL,2,3417.9,5620.57,29359.96,152,72541,1.815,0.021,8594,32,M,1,Good
9179,215040,60,3584,Monthly Statement,403,NULL,1,3583.7,6984.2,42151.29,151,72541,1.815,0.021,8594,37,F,1,Good
11096,213300,60,3555,Monthly Statement,181,NULL,2,5108,8154.34,36255.7,149,72541,1.815,0.021,8594,42,F,1,Good
2051,293880,60,4898,Weekly Statement,531,gold,1,4898.2,12916.33,55195.54,224,197099,1.955,0.022,9624,22,F,1,Bad
2572,360000,48,7500,Per Transaction,578,NULL,1,7500,13995.49,60046.58,375,197099,1.955,0.022,9624,23,F,1,Good
3229,39024,12,3252,Monthly Statement,530,classic,3,5497.07,8886.12,53534.16,277,197099,1.955,0.022,9624,56,M,1,Good
3679,444864,48,9268,Monthly Statement,343,NULL,3,6095,5553.21,32884.13,299,197099,1.955,0.022,9624,28,M,1,Good
4293,164196,36,4561,Per Transaction,473,NULL,2,4679,12978.68,56157.72,208,197099,1.955,0.022,9624,41,F,1,Good
5263,276300,60,4605,Monthly Statement,487,NULL,2,4277.5,3547.71,36227.4,273,197099,1.955,0.022,9624,16,M,1,Good
6289,85632,48,1784,Monthly Statement,494,NULL,1,1784.5,12424.03,63959.08,280,197099,1.955,0.022,9624,47,F,1,Good
7123,47016,12,3918,Per Transaction,239,NULL,2,9249.6,13461.32,54667.06,470,197099,1.955,0.022,9624,36,F,0,Good
7445,55368,24,2307,Monthly Statement,362,NULL,1,2306.8,8882.79,42411.87,539,197099,1.955,0.022,9624,54,F,1,Good
7795,372120,60,6202,Monthly Statement,663,gold,1,6202,14076.82,65701.56,355,197099,1.955,0.022,9624,48,M,1,Good
8625,47304,24,1971,Monthly Statement,516,classic,2,5060.9,11533.75,65871.97,549,197099,1.955,0.022,9624,20,M,1,Good
8776,33984,48,708,Monthly Statement,367,NULL,1,708,4133.01,51764.96,359,197099,1.955,0.022,9624,19,M,1,Good
8982,227880,36,6330,Monthly Statement,382,NULL,1,6330.2,9201.69,62471.62,477,197099,1.955,0.022,9624,39,F,1,Good
9159,69600,48,1450,Monthly Statement,675,NULL,5,2147,3557.41,42855.2,288,197099,1.955,0.022,9624,25,M,1,Good
9493,188688,48,3931,Monthly Statement,160,NULL,2,5366.9,7527.68,48719.67,302,197099,1.955,0.022,9624,30,F,1,Good
9814,96168,12,8014,Weekly Statement,616,gold,1,8013.7,8986.13,60051.07,407,197099,1.955,0.022,9624,24,F,1,Good
10005,210744,36,5854,Monthly Statement,242,NULL,2,7502.6,13284.45,46756.56,73,197099,1.955,0.022,9624,16,M,1,Good
339,468060,60,7801,Weekly Statement,470,classic,3,3978.73,12879.66,65889.69,216,112709,2.05,0.024,8369,50,F,1,Good
1801,165960,36,4610,Monthly Statement,148,NULL,4,3288,7506.82,43499.77,633,112709,2.05,0.024,8369,21,M,1,Good
4784,219456,48,4572,Monthly Statement,108,NULL,1,4572,12183.74,63611.17,84,112709,2.05,0.024,8369,38,F,1,Good
7637,390096,48,8127,Monthly Statement,163,junior,2,8762,8493,47488.11,171,112709,2.05,0.024,8369,14,M,1,Good
8639,185640,60,3094,Monthly Statement,288,NULL,1,3094.5,6193.68,30978.43,103,112709,2.05,0.024,8369,36,F,1,Good
10774,339168,48,7066,Monthly Statement,292,NULL,2,5397,4081.09,33493.89,104,112709,2.05,0.024,8369,56,F,1,Good
5269,117420,60,1957,Monthly Statement,213,NULL,3,3336.67,6074.44,30180.15,213,75685,2.075,0.025,8208,27,M,1,Good
6701,95400,36,2650,Weekly Statement,268,NULL,1,2650.2,13227.72,68519.07,479,75685,2.075,0.025,8208,19,M,0,Good
7190,63360,60,1056,Monthly Statement,638,NULL,2,3225,3107.87,29107.02,401,75685,2.075,0.025,8208,36,M,1,Good
2936,504000,60,8400,Monthly Statement,664,NULL,2,6323.5,4320,26998.26,199,75232,2.08,0.037,8980,23,M,1,Good
3329,19248,12,1604,Monthly Statement,422,NULL,2,5426.5,6557.44,36320.46,164,75232,2.08,0.037,8980,29,M,1,Good
3711,460980,60,7683,Monthly Statement,181,NULL,1,7683.2,7604.6,24349.23,101,75232,2.08,0.037,8980,33,F,1,Bad
4618,66696,24,2779,Monthly Statement,239,NULL,1,2778.7,9366.16,28485.72,149,75232,2.08,0.037,8980,30,F,1,Bad
6358,270384,48,5633,Monthly Statement,437,NULL,2,9354.4,11302.85,47479.6,282,75232,2.08,0.037,8980,30,M,1,Good
6922,139488,24,5812,Weekly Statement,573,NULL,1,5811.7,13213.3,48303.43,108,75232,2.08,0.037,8980,25,M,1,Good
3161,30012,12,2501,Monthly Statement,659,NULL,1,2501,10849.13,51154.12,143,78955,2.11,0.021,9060,41,M,1,Good
3629,158760,60,2646,Monthly Statement,672,NULL,4,3412.38,4346.11,22880.59,530,78955,2.11,0.021,9060,13,M,1,Good
4948,359760,60,5996,Monthly Statement,475,NULL,2,5353.1,8867.42,42951.07,237,161854,2.11,0.025,9425,13,M,1,Good
5541,32640,48,680,Monthly Statement,482,NULL,3,1480.67,2570.69,34800.17,343,161854,2.11,0.025,9425,50,M,1,Good
6397,181020,60,3017,Monthly Statement,551,NULL,1,3016.7,6726.13,41255.22,264,78955,2.11,0.021,9060,30,F,1,Good
6715,137880,60,2298,Weekly Statement,486,NULL,1,2298.2,6432.7,33760.89,402,78955,2.11,0.021,9060,28,M,0,Bad
6856,124344,36,3454,Monthly Statement,620,NULL,4,3442.5,5689.95,32102.03,319,161854,2.11,0.025,9425,18,F,1,Good
7546,41952,12,3496,Monthly Statement,425,NULL,4,1900.95,5512.21,34490.39,431,161854,2.11,0.025,9425,19,M,1,Good
8158,238716,36,6631,Weekly Statement,503,NULL,3,6105.57,11514.94,59032,220,78955,2.11,0.021,9060,29,M,1,Good
8330,7656,24,319,Monthly Statement,367,NULL,2,2013.5,5976.47,46877.75,525,78955,2.11,0.021,9060,32,F,1,Good
9052,71976,24,2999,Per Transaction,546,NULL,1,2999.3,10428.29,45866.52,303,161854,2.11,0.025,9425,28,M,1,Bad
1270,74772,36,2077,Per Transaction,389,NULL,2,3119.65,4531.42,22698.22,186,157042,2.155,0.024,8743,33,M,1,Good
1284,52512,12,4376,Monthly Statement,521,NULL,1,4375.5,12063.4,58505.62,91,157042,2.155,0.024,8743,50,M,1,Good
1819,143676,36,3991,Weekly Statement,447,NULL,4,3611.45,8571.99,51082.49,184,157042,2.155,0.024,8743,41,M,1,Good
5215,14628,12,1219,Monthly Statement,399,classic,5,1555.6,3495.16,44652.44,637,157042,2.155,0.024,8743,45,F,1,Good
7052,63972,36,1777,Per Transaction,115,NULL,1,1776.7,5423.37,21967.03,104,157042,2.155,0.024,8743,46,M,1,Bad
7965,71460,12,5955,Monthly Statement,326,NULL,2,6611.5,8256.88,40340.96,406,157042,2.155,0.024,8743,45,M,1,Good
10105,121896,24,5079,Monthly Statement,486,NULL,1,5079,11830.94,66951.38,499,157042,2.155,0.024,8743,25,M,1,Good
10364,21924,36,609,Monthly Statement,297,NULL,2,3435.5,4808.49,46258.3,487,157042,2.155,0.024,8743,29,M,1,Good
10520,417600,60,6960,Per Transaction,408,gold,1,6959.8,11559.11,56297.66,202,157042,2.155,0.024,8743,22,M,1,Good
10613,249792,48,5204,Monthly Statement,284,classic,1,5204.2,12661.1,51564.08,77,157042,2.155,0.024,8743,30,M,1,Good
7769,196080,48,4085,Monthly Statement,231,NULL,1,4085,12332.52,63749.21,435,87419,2.225,0.035,8624,32,M,1,Good
7890,79344,48,1653,Monthly Statement,567,NULL,2,2978.5,2988.13,29862.17,204,87419,2.225,0.035,8624,46,F,1,Good
8519,74688,12,6224,Monthly Statement,496,NULL,2,9967.65,10591.58,47345.49,527,87419,2.225,0.035,8624,50,F,1,Good
10351,88704,48,1848,Monthly Statement,670,NULL,2,3129,2696.5,17325.22,260,87419,2.225,0.035,8624,36,F,1,Good
4467,86184,36,2394,Weekly Statement,477,NULL,2,3475.25,5731.21,28918.4,113,74062,2.5,0.015,8114,26,M,1,Good
7240,152160,60,2536,Monthly Statement,632,NULL,2,5835.85,5752.22,24208.11,187,74062,2.5,0.015,8114,50,F,1,Good
8680,85716,36,2381,Monthly Statement,153,NULL,3,4848.4,4331.58,21190.57,250,74062,2.5,0.015,8114,54,M,1,Good
10049,91632,12,7636,Monthly Statement,365,NULL,3,3508.67,3160.75,17875.28,230,74062,2.5,0.015,8114,50,M,1,Good
2694,91632,12,7636,Monthly Statement,365,NULL,2,5584,5805.58,47917.98,473,94725,2.565,0.048,9920,31,F,0,Good
3804,63252,12,5271,Monthly Statement,672,NULL,3,3457.23,8711.62,45728.55,450,94725,2.565,0.048,9920,47,F,1,Good
6505,38496,12,3208,Monthly Statement,390,classic,1,3207.8,7720.33,45556.5,49,94725,2.565,0.048,9920,35,F,1,Good
7180,99744,24,4156,Weekly Statement,523,NULL,2,6122.75,8561.96,43225.46,111,94725,2.565,0.048,9920,27,F,1,Good
9491,225504,48,4698,Weekly Statement,686,junior,4,3129.75,11606.55,57743.59,235,94725,2.565,0.048,9920,14,M,1,Good
11327,39168,24,1632,Monthly Statement,347,NULL,2,2662.5,7465.09,56689.62,75,94725,2.565,0.048,9920,20,F,1,Good
1247,99696,48,2077,Monthly Statement,646,NULL,1,2077,11360.43,54881.74,429,88757,2.575,0.023,8554,24,F,0,Bad
10915,152460,60,2541,Weekly Statement,481,NULL,5,2739.56,4393.6,21450.58,175,88757,2.575,0.023,8554,47,F,1,Good
10954,18720,60,312,Monthly Statement,247,classic,1,312,4746.75,41621.7,166,88757,2.575,0.023,8554,32,M,1,Good
1011,204000,60,3400,Monthly Statement,366,NULL,2,5242.75,6724.77,57193.65,323,77917,2.585,0.027,8390,48,M,1,Good
1083,50976,36,1416,Monthly Statement,496,NULL,4,2133,3502.48,26454.27,192,77917,2.585,0.027,8390,14,M,1,Good
4473,93960,60,1566,Monthly Statement,452,NULL,3,3539.67,7021.65,55425.13,283,77917,2.585,0.027,8390,31,M,1,Good
5912,184620,60,3077,Monthly Statement,606,NULL,2,6461.4,6903.16,34655.87,153,77917,2.585,0.027,8390,35,F,1,Good
8129,74736,36,2076,Monthly Statement,399,classic,2,4130,7053.16,39672.18,413,77917,2.585,0.027,8390,25,M,1,Good
9188,127080,60,2118,Monthly Statement,170,NULL,4,2647.82,3242.91,29452.27,605,77917,2.585,0.027,8390,53,M,1,Good
10738,115992,36,3222,Weekly Statement,613,classic,3,3816.5,9257.13,53153.71,550,77917,2.585,0.027,8390,54,M,0,Good
330,331584,48,6908,Monthly Statement,595,NULL,1,6908,9336.05,42020.37,130,95907,2.675,0.017,8388,25,F,1,Good
2018,38520,12,3210,Monthly Statement,597,NULL,2,3162.5,2328.03,17777.08,244,95907,2.675,0.017,8388,53,M,1,Good
2142,23328,12,1944,Monthly Statement,187,NULL,2,5856,7115.11,37711.81,91,95907,2.675,0.017,8388,33,F,1,Good
3005,390000,48,8125,Per Transaction,510,NULL,3,7568.1,11091.92,44851.96,101,95907,2.675,0.017,8388,47,M,1,Good
3418,207264,48,4318,Per Transaction,281,NULL,1,4318,12047.38,50082.25,186,95907,2.675,0.017,8388,31,M,1,Good
4907,98832,48,2059,Monthly Statement,696,NULL,4,1893.75,4209.02,28207.39,464,95907,2.675,0.017,8388,25,F,1,Good
5700,103680,60,1728,Monthly Statement,604,NULL,1,1728,4089.8,21089.56,355,95907,2.675,0.017,8388,20,M,1,Bad
2165,78600,24,3275,Monthly Statement,136,NULL,2,7883.9,7462.94,30019.86,124,121947,2.74,0.03,8541,37,M,1,Good
2496,165120,60,2752,Monthly Statement,601,NULL,2,3867,3170.94,21484.49,317,121947,2.74,0.03,8541,46,F,1,Good
7045,288720,48,6015,Monthly Statement,172,classic,1,6015.3,12969.07,62931.24,142,121947,2.74,0.03,8541,50,M,1,Good
7957,42900,12,3575,Monthly Statement,646,classic,3,5264.67,10580.03,54697.58,346,121947,2.74,0.03,8541,29,M,1,Good
8320,309660,60,5161,Monthly Statement,136,NULL,2,7133.1,9347.4,37136.66,163,121947,2.74,0.03,8541,39,F,1,Good
9227,191580,60,3193,Monthly Statement,176,NULL,3,2047,2073.03,16424.43,100,121947,2.74,0.03,8541,32,F,1,Good
1967,249312,48,5194,Weekly Statement,433,NULL,2,9679,12189.46,45595.75,302,170449,2.865,0.036,10787,37,M,1,Good
2753,66432,24,2768,Monthly Statement,595,NULL,2,4818.5,7560.5,32738.74,213,170449,2.865,0.036,10787,26,F,1,Good
4803,59136,48,1232,Monthly Statement,262,NULL,1,1232,2146.97,25197.92,175,170449,2.865,0.036,10787,17,F,1,Good
6353,79920,60,1332,Monthly Statement,443,classic,3,2634,6941.22,45950.87,462,170449,2.865,0.036,10787,38,M,1,Good
8159,29784,24,1241,Monthly Statement,125,NULL,3,1942.33,3406.45,39429.23,331,170449,2.865,0.036,10787,25,F,1,Good
9138,272220,60,4537,Monthly Statement,320,NULL,3,5574.1,7464.07,35173.1,214,170449,2.865,0.036,10787,51,F,1,Bad
816,48624,24,2026,Monthly Statement,521,NULL,2,3269.85,11259.12,70446.02,493,139012,3.005,0.019,8363,29,M,0,Good
1068,253200,60,4220,Monthly Statement,586,NULL,4,3215.38,5489.24,34852.11,158,139012,3.005,0.019,8363,58,M,1,Good
2134,22932,36,637,Monthly Statement,223,NULL,3,1465.33,3736.24,40347.11,204,139012,3.005,0.019,8363,43,F,1,Good
2445,293160,60,4886,Monthly Statement,537,NULL,1,4886,13715.96,55419.47,189,139012,3.005,0.019,8363,20,F,1,Good
2725,69624,36,1934,Monthly Statement,585,classic,4,1414.5,5497.14,50945.87,160,139012,3.005,0.019,8363,48,M,1,Good
2728,156420,60,2607,Weekly Statement,344,NULL,2,6914.5,9843.18,49536.19,107,139012,3.005,0.019,8363,37,M,1,Good
3906,334620,60,5577,Monthly Statement,243,NULL,1,5577.3,13215.1,66271.97,94,139012,3.005,0.019,8363,37,F,1,Good
4079,158976,48,3312,Monthly Statement,518,NULL,4,2215,8464.05,51315.46,584,139012,3.005,0.019,8363,52,M,1,Good
4851,141648,24,5902,Monthly Statement,200,NULL,2,5093.6,12159.37,47859.32,232,139012,3.005,0.019,8363,40,M,1,Good
5481,209184,48,4358,Monthly Statement,391,NULL,1,4358,12428.34,56543.8,403,139012,3.005,0.019,8363,37,M,0,Good
5735,290700,60,4845,Monthly Statement,392,NULL,1,4845,10213.5,51671.24,315,139012,3.005,0.019,8363,37,F,1,Bad
7765,27984,12,2332,Weekly Statement,519,NULL,2,5274.5,9195.69,42331.13,327,139012,3.005,0.019,8363,43,M,1,Good
7859,72120,12,6010,Monthly Statement,616,gold,1,6010.2,13306.94,76453.61,260,139012,3.005,0.019,8363,44,F,1,Good
9790,133968,48,2791,Monthly Statement,261,classic,4,3870.5,9678.73,55054.54,376,139012,3.005,0.019,8363,49,M,1,Good
544,91152,24,3798,Monthly Statement,465,classic,1,3798.2,8629.02,53438.31,254,105058,3.01,0.042,9272,50,M,1,Good
1886,162468,36,4513,Monthly Statement,148,NULL,2,4355.35,9407.5,30650.18,209,105058,3.01,0.042,9272,39,F,1,Good
4427,87816,12,7318,Monthly Statement,476,NULL,2,6161.5,4348.22,18739.45,372,105058,3.01,0.042,9272,29,M,0,Good
9140,16032,48,334,Monthly Statement,449,NULL,4,2418.25,3636.23,22821.89,135,105058,3.01,0.042,9272,33,F,1,Good
10905,57120,48,1190,Monthly Statement,275,classic,3,1937,2966.12,48050.89,177,105058,3.01,0.042,9272,35,M,1,Good
11027,48096,24,2004,Weekly Statement,454,NULL,2,2901.6,4719.61,31486.59,181,105058,3.01,0.042,9272,35,M,1,Good
501,262980,60,4383,Monthly Statement,369,NULL,1,4382.7,11162.86,63325.5,233,53921,3.015,0.032,8598,31,F,1,Good
1252,148140,36,4115,Weekly Statement,615,NULL,1,4114.7,9001.23,42941.01,240,53921,3.015,0.032,8598,35,F,1,Good
2262,230220,36,6395,Monthly Statement,662,classic,1,6395,15755.9,66185.96,162,53921,3.015,0.032,8598,45,M,1,Good
5066,61656,24,2569,Weekly Statement,167,NULL,5,1841.56,7170.59,43681.7,333,53921,3.015,0.032,8598,42,F,1,Bad
5196,79824,12,6652,Weekly Statement,182,classic,2,7278.75,13057.11,59206.58,130,53921,3.015,0.032,8598,37,M,1,Good
5574,44628,12,3719,Weekly Statement,636,NULL,2,7798.5,14292.45,60027.18,382,53921,3.015,0.032,8598,48,M,1,Good
7721,45456,12,3788,Monthly Statement,329,classic,1,3788.3,8826.55,43457.52,97,53921,3.015,0.032,8598,51,F,1,Good
8261,87840,24,3660,Monthly Statement,124,NULL,5,1759.36,4802.84,30675.75,675,53921,3.015,0.032,8598,14,F,1,Good
1329,23520,12,1960,Monthly Statement,355,NULL,3,3469.73,4064.93,21759.19,175,107911,3.045,0.017,8240,52,M,1,Good
1374,389136,48,8107,Monthly Statement,354,NULL,1,8107.3,17180.58,55640.93,166,107911,3.045,0.017,8240,26,M,1,Good
2035,176328,36,4898,Monthly Statement,625,NULL,5,2886.64,6949.23,50484.18,282,107911,3.045,0.017,8240,51,M,1,Good
3637,14028,12,1169,Monthly Statement,674,NULL,3,2088.33,4595.87,57448.31,280,107911,3.045,0.017,8240,52,F,1,Good
3859,307200,60,5120,Monthly Statement,374,NULL,1,5120.2,10391.47,31669.12,173,107911,3.045,0.017,8240,31,M,1,Bad
5001,110112,24,4588,Monthly Statement,330,NULL,2,6940.25,12205.93,54492.88,254,107911,3.045,0.017,8240,29,M,1,Good
8713,170700,60,2845,Monthly Statement,432,NULL,1,2845,5786.33,32501.45,131,107911,3.045,0.017,8240,23,M,1,Good
2350,159744,48,3328,Monthly Statement,280,classic,3,3055.4,11007.92,51807.72,199,70699,3.09,0.026,8968,24,F,1,Good
9156,163332,36,4537,Monthly Statement,443,NULL,1,4537.3,8251.55,28793.44,72,70699,3.09,0.026,8968,57,M,1,Good
10973,154416,48,3217,Weekly Statement,176,NULL,1,3216.7,13179.01,59249.76,474,70699,3.09,0.026,8968,24,F,1,Good
37,318480,60,5308,Monthly Statement,422,NULL,4,2576.38,7293.49,37547.42,130,70646,3.145,0.022,8547,42,M,1,Bad
1106,192552,24,8023,Weekly Statement,440,NULL,1,8022.8,9353.36,37400.67,379,70646,3.145,0.022,8547,31,F,1,Bad
4995,128988,36,3583,Weekly Statement,551,NULL,1,3583,10054.09,43608.41,308,70646,3.145,0.022,8547,53,M,1,Bad
8405,266220,60,4437,Monthly Statement,522,NULL,4,3071.5,5007.27,36648.25,532,70646,3.145,0.022,8547,31,F,1,Good
8411,220620,60,3677,Monthly Statement,521,NULL,3,4332.1,6024.2,31612.17,392,70646,3.145,0.022,8547,53,F,1,Good
9833,97632,12,8136,Monthly Statement,301,NULL,3,6860.67,12866.43,59053.01,547,70646,3.145,0.022,8547,26,F,0,Good
440,84288,48,1756,Monthly Statement,446,NULL,2,3790.5,5562.53,34672.08,147,45714,3.21,0.019,8843,40,F,1,Good
2245,347952,48,7249,Monthly Statement,657,NULL,1,7248.8,11978.06,65513.88,408,45714,3.21,0.019,8843,30,F,1,Good
3189,222180,60,3703,Monthly Statement,382,NULL,1,3702.8,7408.9,34328.69,196,45714,3.21,0.019,8843,54,M,1,Bad
4337,51408,24,2142,Monthly Statement,387,classic,1,2142,12470.1,63675.63,407,45714,3.21,0.019,8843,41,M,1,Good
6097,26208,36,728,Monthly Statement,129,NULL,2,1941.5,3117.94,26846.5,103,45714,3.21,0.019,8843,25,F,1,Good
8169,97980,60,1633,Monthly Statement,623,NULL,3,2452,3470.65,20668.47,259,45714,3.21,0.019,8843,17,F,1,Good
8377,417060,60,6951,Monthly Statement,558,NULL,3,4380.27,6611.67,42368.32,423,45714,3.21,0.019,8843,34,F,1,Good
9208,82128,24,3422,Monthly Statement,506,NULL,1,3421.5,6067.04,31893.58,144,45714,3.21,0.019,8843,26,M,1,Good
103,265320,36,7370,Monthly Statement,636,NULL,1,7370.2,9268.93,48288.87,185,105606,3.275,0.021,8254,26,M,1,Bad
3037,277884,36,7719,Monthly Statement,693,NULL,1,7718.7,8637.75,33307.29,269,105606,3.275,0.021,8254,16,F,1,Bad
3875,153936,24,6414,Monthly Statement,115,NULL,1,6413.7,15657.35,58962.93,73,105606,3.275,0.021,8254,44,M,1,Good
5270,79608,24,3317,Monthly Statement,313,NULL,1,3317,15016.13,65773.4,462,105606,3.275,0.021,8254,20,M,1,Good
5385,149340,60,2489,Weekly Statement,321,NULL,2,5621.65,5495.93,35020.3,427,105606,3.275,0.021,8254,27,M,1,Good
8027,77640,12,6470,Weekly Statement,333,NULL,1,6469.7,13582.18,62552.73,403,105606,3.275,0.021,8254,23,M,0,Good
10243,113436,36,3151,Monthly Statement,384,classic,1,3151.3,17747.74,69377.26,133,105606,3.275,0.021,8254,39,M,1,Good
10942,314520,60,5242,Weekly Statement,484,NULL,2,7857,14230.56,59423.18,441,105606,3.275,0.021,8254,40,F,1,Good
2073,44640,24,1860,Monthly Statement,417,NULL,1,1860,6946.18,40629.39,83,108871,3.355,0.023,8444,38,M,1,Good
3084,253512,36,7042,Weekly Statement,213,NULL,1,7042,8215.26,31399.73,200,108871,3.355,0.023,8444,51,F,1,Bad
7565,153504,48,3198,Monthly Statement,502,NULL,3,3358.27,6117.34,31061.46,224,108871,3.355,0.023,8444,18,M,1,Good
8114,99300,60,1655,Monthly Statement,671,NULL,3,2702.33,5769.64,35984.97,263,108871,3.355,0.023,8444,24,F,1,Good
8268,8616,24,359,Monthly Statement,372,NULL,3,2742.67,3760.52,37305.16,210,108871,3.355,0.023,8444,18,M,1,Good
9353,188616,24,7859,Monthly Statement,583,NULL,2,9049.5,10408.64,54125.58,230,108871,3.355,0.023,8444,55,M,1,Good
9433,44640,24,1860,Monthly Statement,417,NULL,1,1860,6960.42,41047.81,83,108871,3.355,0.023,8444,38,M,1,Good
9513,18324,12,1527,Monthly Statement,430,NULL,2,4923,7105.57,29415.3,196,108871,3.355,0.023,8444,46,F,1,Good
11054,148920,60,2482,Weekly Statement,201,NULL,2,6994,6369.18,33725.22,232,108871,3.355,0.023,8444,15,M,1,Good
314,66840,24,2785,Per Transaction,463,NULL,2,8238,12577.95,39265.57,223,58796,3.365,0.032,9045,58,F,1,Good
4825,21396,12,1783,Monthly Statement,440,NULL,1,1783.2,4486.57,29747.96,301,58796,3.365,0.032,9045,23,M,1,Good
5283,170832,48,3559,Monthly Statement,356,NULL,2,6604,15543.74,70556.29,93,58796,3.365,0.032,9045,25,M,1,Good
5572,140880,60,2348,Monthly Statement,251,NULL,2,6831,9397.15,41528.22,94,58796,3.365,0.032,9045,36,M,1,Good
5593,44376,12,3698,Monthly Statement,164,classic,2,4873.4,12471.85,63700.11,291,58796,3.365,0.032,9045,30,M,1,Good
5927,87216,48,1817,Monthly Statement,192,NULL,1,1817.3,3824.31,17821.63,502,58796,3.365,0.032,9045,26,M,1,Bad
11265,52788,12,4399,Monthly Statement,244,NULL,3,2504,2654.79,22010.18,484,58796,3.365,0.032,9045,17,M,1,Good
993,108720,60,1812,Monthly Statement,594,classic,1,1812.3,11316.68,54170.54,105,77963,3.485,0.037,8546,32,F,1,Good
1638,64224,24,2676,Weekly Statement,440,NULL,2,6212.5,6832.37,40743.74,110,77963,3.485,0.037,8546,56,M,1,Good
1888,57360,12,4780,Monthly Statement,313,NULL,4,3008,6726.55,27610.5,249,77963,3.485,0.037,8546,36,M,1,Bad
2516,466608,48,9721,Monthly Statement,575,NULL,1,9721,6497.32,43064.82,212,77963,3.485,0.037,8546,51,F,1,Good
4116,151200,36,4200,Monthly Statement,241,NULL,2,9324.1,14886.25,52607.39,94,77963,3.485,0.037,8546,48,M,1,Good
5072,317520,60,5292,Monthly Statement,303,NULL,5,2978.8,5691.73,47649.8,299,77963,3.485,0.037,8546,29,F,1,Good
6034,464520,60,7742,Weekly Statement,257,NULL,1,7741.8,10133.12,37420.93,441,77963,3.485,0.037,8546,53,F,0,Bad
6083,360864,48,7518,Weekly Statement,374,NULL,1,7518,11366.44,44138.92,220,77963,3.485,0.037,8546,20,F,1,Bad
6495,104964,12,8747,Monthly Statement,644,NULL,2,8676.5,6680.21,38456.89,177,77963,3.485,0.037,8546,28,M,1,Good
1787,96396,12,8033,Weekly Statement,105,NULL,1,8033.2,10195.76,44264.54,403,94812,3.525,0.031,9650,46,F,1,Bad
9337,52128,24,2172,Monthly Statement,264,classic,1,2172,6031.3,45315.96,526,94812,3.525,0.031,9650,35,F,0,Good
873,178500,60,2975,Monthly Statement,304,NULL,4,1901,2370.65,16895.42,150,182027,3.535,0.024,8746,27,F,1,Good
2236,139464,36,3874,Monthly Statement,396,NULL,1,3873.7,7644.02,22738.48,171,182027,3.535,0.024,8746,34,M,1,Bad
2699,231168,48,4816,Monthly Statement,613,junior,3,3073.67,12742.73,55599.85,180,182027,3.535,0.024,8746,20,F,1,Good
4415,74040,12,6170,Monthly Statement,636,NULL,5,2930.6,5564.44,49231.18,397,182027,3.535,0.024,8746,41,F,1,Good
4462,66480,24,2770,Weekly Statement,139,NULL,1,2770.3,9752.95,31561.58,199,182027,3.535,0.024,8746,57,M,1,Bad
4725,168264,36,4674,Monthly Statement,204,NULL,2,9068.1,10859.03,26730.87,111,182027,3.535,0.024,8746,43,M,1,Good
8085,260400,60,4340,Monthly Statement,557,NULL,3,5407,9103.57,33174.54,232,182027,3.535,0.024,8746,47,F,1,Bad
9455,374760,60,6246,Monthly Statement,461,NULL,4,4361.45,9880.38,54097.47,214,182027,3.535,0.024,8746,43,M,1,Good
38,110736,48,2307,Weekly Statement,254,NULL,4,2416.7,4399.61,34462.23,130,51428,3.555,0.02,8402,58,F,1,Good
825,53076,12,4423,Monthly Statement,333,classic,2,6829,5533.66,33872.48,218,51428,3.555,0.02,8402,45,M,1,Good
1375,45336,24,1889,Monthly Statement,489,NULL,2,3909.5,6783.54,51307.78,358,51428,3.555,0.02,8402,34,M,1,Good
1407,125472,24,5228,Per Transaction,281,NULL,2,10054.85,14226.38,77371.24,182,51428,3.555,0.02,8402,52,F,1,Good
1862,396120,60,6602,Weekly Statement,550,classic,1,6601.7,13812.93,59719.84,275,51428,3.555,0.02,8402,47,F,1,Good
2218,182040,60,3034,Monthly Statement,362,classic,1,3034,14315.75,69319.47,306,51428,3.555,0.02,8402,45,F,1,Good
2762,111384,24,4641,Monthly Statement,472,NULL,3,4088.67,11670.91,60965.28,634,51428,3.555,0.02,8402,23,M,0,Good
2982,41256,12,3438,Monthly Statement,682,gold,5,2398.8,10903.83,66816.99,303,51428,3.555,0.02,8402,56,M,1,Good
5602,177504,48,3698,Per Transaction,536,classic,1,3697.8,11160.63,54444.41,181,51428,3.555,0.02,8402,50,M,1,Good
6075,407952,48,8499,Monthly Statement,478,NULL,1,8499,3185.88,14818.46,128,51428,3.555,0.02,8402,24,F,1,Bad
7437,110736,48,2307,Weekly Statement,254,NULL,4,2416.7,4420.2,32514.37,130,51428,3.555,0.02,8402,58,F,1,Good
7733,140064,24,5836,Weekly Statement,673,classic,1,5836,14108.68,67486.63,194,51428,3.555,0.02,8402,48,F,1,Good
7815,189696,24,7904,Weekly Statement,267,NULL,4,2960.95,7570.04,47063.61,415,51428,3.555,0.02,8402,46,M,1,Good
8489,265320,36,7370,Monthly Statement,643,NULL,2,5602.5,5305.13,39222.42,451,51428,3.555,0.02,8402,47,F,0,Good
675,102240,60,1704,Monthly Statement,607,classic,2,4031,3756.47,38258,263,109164,3.665,0.021,8757,52,F,1,Good
3448,68664,24,2861,Weekly Statement,501,NULL,1,2860.7,9027.86,38762.16,145,109164,3.665,0.021,8757,18,F,1,Good
3556,174840,60,2914,Monthly Statement,389,NULL,3,2712.6,5587.25,34492.55,113,109164,3.665,0.021,8757,47,F,1,Good
5126,20352,48,424,Monthly Statement,283,NULL,2,2316,2931.56,25314.76,292,109164,3.665,0.021,8757,48,F,1,Good
2187,53472,12,4456,Weekly Statement,617,NULL,1,4456,13587.44,65723.2,222,81344,3.68,0.034,8899,54,M,1,Good
3489,44088,24,1837,Monthly Statement,236,NULL,2,2605,5554.79,43216.35,300,81344,3.68,0.034,8899,44,F,1,Good
4580,20220,12,1685,Monthly Statement,343,classic,2,5203.9,10737.19,50401.42,366,81344,3.68,0.034,8899,22,F,1,Good
4626,33348,12,2779,Monthly Statement,368,NULL,1,2778.7,12433.4,45632.48,167,81344,3.68,0.034,8899,27,F,1,Good
5591,221880,60,3698,Monthly Statement,311,NULL,5,1447.96,5187.34,51147.96,299,81344,3.68,0.034,8899,53,F,1,Good
7990,144960,48,3020,Monthly Statement,601,NULL,2,5089,13452.05,67525.06,214,81344,3.68,0.034,8899,31,F,1,Good
8039,93600,24,3900,Monthly Statement,308,classic,4,2203.88,6580.65,49513.42,289,81344,3.68,0.034,8899,20,M,1,Good
9153,52236,36,1451,Monthly Statement,444,NULL,2,3246.5,2691.86,40892.72,174,81344,3.68,0.034,8899,55,M,1,Good
9504,341280,60,5688,Monthly Statement,406,classic,1,5688,14207.61,44112.29,198,81344,3.68,0.034,8899,44,M,1,Good
110,162576,36,4516,Monthly Statement,418,classic,3,2554.67,6839.22,45365.28,209,159617,3.805,0.037,9198,41,M,1,Good
1776,43200,24,1800,Monthly Statement,304,NULL,2,3755,4675.32,39581.85,103,159617,3.805,0.037,9198,49,F,1,Good
4052,106128,36,2948,Weekly Statement,337,NULL,1,2948,7471.31,42200.23,137,159617,3.805,0.037,9198,15,M,1,Good
6950,475680,48,9910,Monthly Statement,123,classic,2,9235.5,8484.92,46895.28,161,159617,3.805,0.037,9198,31,F,1,Good
8026,128268,36,3563,Monthly Statement,170,classic,1,3563,9632.17,63713.11,108,159617,3.805,0.037,9198,51,M,1,Good
10345,31260,12,2605,Monthly Statement,654,NULL,2,4673.5,3905.21,22276.53,191,159617,3.805,0.037,9198,26,M,1,Good
10711,24180,60,403,Monthly Statement,534,NULL,5,811.6,5354.15,79272.04,249,159617,3.805,0.037,9198,55,M,1,Good
173,104808,12,8734,Monthly Statement,186,NULL,5,3468.4,4513.02,37433.85,572,125832,3.815,0.017,8512,51,M,1,Good
2988,88608,12,7384,Per Transaction,632,NULL,1,7384,12602.47,54237.57,168,125832,3.815,0.017,8512,47,M,1,Good
4259,79632,24,3318,Monthly Statement,141,NULL,3,5029.67,11875.14,55903.99,458,125832,3.815,0.017,8512,35,F,1,Good
4774,465072,48,9689,Monthly Statement,541,NULL,1,9689,7604.44,42890.65,392,125832,3.815,0.017,8512,43,M,1,Good
5422,368880,60,6148,Monthly Statement,590,NULL,4,2683.75,9763.81,50416.79,480,125832,3.815,0.017,8512,18,M,1,Good
8688,67980,12,5665,Monthly Statement,118,NULL,1,5665,5737.88,44826.92,162,125832,3.815,0.017,8512,51,F,1,Good
10439,151560,24,6315,Monthly Statement,194,gold,2,8224.5,11902.3,56137.61,421,125832,3.815,0.017,8512,37,M,1,Good
1527,164052,36,4557,Per Transaction,367,NULL,1,4557.2,9456.97,36316.49,389,51313,3.86,0.027,8930,19,F,1,Bad
1772,202788,36,5633,Weekly Statement,387,NULL,2,8813.5,14660.56,67825.58,330,51313,3.86,0.027,8930,43,F,1,Good
2153,61560,12,5130,Weekly Statement,326,classic,4,4848.12,8566.14,33462.47,274,51313,3.86,0.027,8930,50,M,1,Good
2227,92976,24,3874,Weekly Statement,569,classic,2,8629.85,13005.1,62734.05,420,51313,3.86,0.027,8930,25,F,1,Good
6400,72408,24,3017,Per Transaction,126,NULL,4,4468.92,7155.01,40908.09,287,51313,3.86,0.027,8930,38,F,1,Bad
6425,36684,12,3057,Monthly Statement,631,NULL,1,3057,4429.45,26750.7,431,51313,3.86,0.027,8930,16,F,0,Good
8260,224604,36,6239,Monthly Statement,519,junior,1,6239.2,14296.17,68073.47,425,51313,3.86,0.027,8930,14,M,1,Good
9583,104712,24,4363,Weekly Statement,569,NULL,2,8874.35,12920.59,65320.47,421,51313,3.86,0.027,8930,25,F,1,Good
1480,123300,36,3425,Weekly Statement,565,classic,1,3425.2,12860.92,54359.86,162,118650,3.9,0.05,9832,53,F,1,Good
6930,25944,24,1081,Monthly Statement,260,classic,1,1081,9312.59,52050.89,357,118650,3.9,0.05,9832,34,F,1,Good
10630,198240,24,8260,Monthly Statement,160,NULL,2,7781.5,5316.36,27560.84,304,118650,3.9,0.05,9832,35,M,1,Good
2580,89340,60,1489,Monthly Statement,267,NULL,2,3252.5,4121.77,53490.1,249,110643,3.965,0.019,8441,25,F,1,Good
3050,82896,12,6908,Monthly Statement,482,classic,4,4195.88,9982.39,57004.18,609,110643,3.965,0.019,8441,19,M,0,Good
4448,192744,36,5354,Monthly Statement,488,classic,1,5353.5,10880.97,67194.59,431,110643,3.965,0.019,8441,23,F,1,Good
4969,150180,60,2503,Weekly Statement,199,NULL,3,3807.27,13323.09,63042.46,210,110643,3.965,0.019,8441,56,M,1,Good
6902,49320,36,1370,Monthly Statement,425,NULL,3,1978.33,3386.18,28553.85,175,110643,3.965,0.019,8441,28,M,1,Good
7824,189696,24,7904,Monthly Statement,134,NULL,3,3861.6,10046.27,36164.12,339,110643,3.965,0.019,8441,25,F,1,Bad
8645,240900,60,4015,Monthly Statement,533,NULL,2,6467,5113.25,26573,125,110643,3.965,0.019,8441,49,F,1,Good
9928,89340,60,1489,Monthly Statement,267,NULL,2,3252.5,4119.3,54166.11,249,110643,3.965,0.019,8441,25,F,1,Good
10436,54396,36,1511,Monthly Statement,191,NULL,1,1511,2794.26,59367.7,189,110643,3.965,0.019,8441,53,M,1,Good
1843,105804,36,2939,Monthly Statement,185,classic,2,4966.35,5983.63,35669.36,462,107870,4.07,0.036,8754,53,F,0,Good
3390,40632,12,3386,Weekly Statement,444,NULL,5,1380.9,4812.99,52229.79,212,107870,4.07,0.036,8754,53,F,1,Good
4937,143904,24,5996,Monthly Statement,518,NULL,3,3161.07,9248.27,56720.97,560,107870,4.07,0.036,8754,39,M,0,Good
6473,76908,12,6409,Monthly Statement,485,NULL,1,6408.8,11575.65,46888.42,473,107870,4.07,0.036,8754,48,F,0,Bad
7136,74124,36,2059,Weekly Statement,529,NULL,4,1480.25,8252.14,55798.64,379,107870,4.07,0.036,8754,57,F,1,Good
9869,331560,60,5526,Monthly Statement,571,junior,3,4637,6547.08,57196.31,465,107870,4.07,0.036,8754,10,M,0,Good
10493,133800,24,5575,Monthly Statement,405,NULL,3,5003.77,9331.93,45957.14,177,107870,4.07,0.036,8754,53,M,1,Good
11186,392460,60,6541,Monthly Statement,678,junior,2,8175.6,12455.63,67157.03,339,107870,4.07,0.036,8754,16,F,1,Good
1978,205200,36,5700,Weekly Statement,541,NULL,4,4739.32,8622.56,56266.27,564,161954,4.115,0.023,8720,32,F,0,Good
2754,335280,48,6985,Weekly Statement,464,NULL,3,3364.43,13063.56,40543.77,239,161954,4.115,0.023,8720,44,F,1,Good
4033,84288,48,1756,Monthly Statement,121,NULL,3,2019.33,3884.7,33258.08,167,161954,4.115,0.023,8720,19,F,1,Good
5477,349392,48,7279,Monthly Statement,657,classic,2,6810.65,12981.24,68515.3,283,161954,4.115,0.023,8720,39,M,1,Good
7082,194160,48,4045,Monthly Statement,520,NULL,5,2377,3231.15,28162.68,233,161954,4.115,0.023,8720,53,F,1,Good
9242,23184,12,1932,Monthly Statement,315,NULL,1,1932,2770.83,36277.56,218,161954,4.115,0.023,8720,18,F,1,Good
817,538500,60,8975,Monthly Statement,336,NULL,2,6790,7265.11,31340.35,361,95616,4.14,0.03,9307,31,M,1,Good
2000,290820,60,4847,Monthly Statement,342,classic,4,2056.75,5134,48864.51,128,95616,4.14,0.03,9307,57,M,1,Good
2345,199680,60,3328,Monthly Statement,412,NULL,2,3470.1,6712.49,32837.57,400,95616,4.14,0.03,9307,42,M,0,Good
4863,76080,12,6340,Monthly Statement,371,junior,3,5225.43,10388.82,60857.08,261,95616,4.14,0.03,9307,18,F,1,Good
5164,22356,36,621,Monthly Statement,314,NULL,2,2441,2772.68,22634.64,104,95616,4.14,0.03,9307,54,M,1,Good
5632,285600,60,4760,Weekly Statement,252,NULL,1,4760,13825.13,58264.64,326,95616,4.14,0.03,9307,15,F,1,Good
5837,177804,36,4939,Monthly Statement,423,NULL,1,4939,10415.95,53945.85,173,95616,4.14,0.03,9307,26,F,1,Good
6265,87360,24,3640,Monthly Statement,221,classic,2,5456.75,11291.7,55385.62,198,95616,4.14,0.03,9307,56,M,1,Good
7184,155640,24,6485,Monthly Statement,412,NULL,5,2553,5544.46,37220.16,370,95616,4.14,0.03,9307,54,F,1,Good
11271,67320,36,1870,Monthly Statement,499,NULL,4,2639.58,3450.26,23287.65,303,95616,4.14,0.03,9307,21,M,1,Good
2705,93888,36,2608,Per Transaction,156,NULL,2,6665.6,6213.77,33983.19,440,86513,4.155,0.017,8288,43,F,1,Good
2986,24792,24,1033,Monthly Statement,606,classic,3,1908,6706.53,51849.88,234,86513,4.155,0.017,8288,36,M,1,Good
3354,4980,12,415,Monthly Statement,242,NULL,4,1287,2727.08,25265.19,533,86513,4.155,0.017,8288,42,F,1,Good
3403,71820,36,1995,Monthly Statement,403,NULL,1,1995,11051.5,58984.87,127,86513,4.155,0.017,8288,30,M,1,Good
4660,106944,24,4456,Monthly Statement,145,NULL,4,1872.25,8588.03,40008.85,188,86513,4.155,0.017,8288,44,F,1,Good
7523,288468,36,8013,Monthly Statement,127,NULL,1,8013,6060.57,33971.73,386,86513,4.155,0.017,8288,36,F,1,Good
8931,186300,60,3105,Weekly Statement,395,classic,3,3715.9,10654.2,61704.82,360,86513,4.155,0.017,8288,45,M,1,Good
349,42816,12,3568,Monthly Statement,458,NULL,2,4114,3192.48,17055.05,107,226122,4.295,0.042,8994,57,M,1,Good
846,187104,24,7796,Monthly Statement,141,classic,1,7795.5,12440.17,66175.48,229,226122,4.295,0.042,8994,19,F,1,Good
915,309552,48,6449,Monthly Statement,241,NULL,2,10370,11944.67,51495.36,330,226122,4.295,0.042,8994,57,M,1,Good
3608,161496,36,4486,Weekly Statement,633,NULL,2,3805,7397.93,44887.09,352,226122,4.295,0.042,8994,21,M,1,Good
4794,465504,48,9698,Monthly Statement,374,NULL,5,3405,4491.12,18703.69,197,226122,4.295,0.042,8994,32,M,1,Bad
5118,53232,48,1109,Monthly Statement,638,NULL,3,1550,2600.23,34816.92,305,226122,4.295,0.042,8994,29,M,1,Good
5256,193968,36,5388,Per Transaction,197,NULL,1,5388.5,8926.52,52787.84,408,226122,4.295,0.042,8994,17,M,1,Good
5445,78696,36,2186,Monthly Statement,224,NULL,5,1158.6,3381.06,37644.32,193,226122,4.295,0.042,8994,27,F,1,Good
7562,309600,48,6450,Weekly Statement,348,NULL,1,6450.2,13248.57,66885.8,295,226122,4.295,0.042,8994,17,M,1,Good
9030,155616,48,3242,Monthly Statement,691,NULL,3,2220,4626.2,46860.13,384,226122,4.295,0.042,8994,26,F,1,Good
9199,29448,12,2454,Monthly Statement,119,NULL,1,2454.5,4663.41,13411.6,221,226122,4.295,0.042,8994,45,M,1,Bad
10440,60000,60,1000,Monthly Statement,658,NULL,3,1970,2606.17,36819.13,457,226122,4.295,0.042,8994,45,M,0,Good
10445,23412,12,1951,Monthly Statement,603,classic,2,2592.5,7657.47,60391.83,205,226122,4.295,0.042,8994,38,M,1,Good
11042,217152,36,6032,Monthly Statement,309,classic,2,7233.9,11444.6,56111.01,321,226122,4.295,0.042,8994,17,M,1,Good
25,30276,12,2523,Monthly Statement,498,NULL,4,2653.55,10797.61,56279.13,274,228848,4.405,0.025,9893,32,M,1,Good
378,230400,60,3840,Monthly Statement,446,NULL,5,2713.44,11415.41,68190.45,344,228848,4.405,0.025,9893,32,M,1,Good
1071,253200,60,4220,Weekly Statement,255,NULL,1,4219.5,9562.87,47187.39,393,228848,4.405,0.025,9893,44,F,0,Good
1244,35904,48,748,Monthly Statement,296,NULL,5,846.6,1522.23,17013.87,254,228848,4.405,0.025,9893,47,M,1,Good
1698,141948,36,3943,Monthly Statement,114,classic,2,6792.5,6360.67,46668.52,213,228848,4.405,0.025,9893,46,F,1,Good
1993,68400,12,5700,Monthly Statement,167,NULL,1,5700.3,8930.86,33456.91,243,228848,4.405,0.025,9893,19,F,1,Bad
2343,99336,24,4139,Monthly Statement,330,NULL,2,4431,4162,39104.17,303,228848,4.405,0.025,9893,15,F,1,Good
2910,437460,60,7291,Monthly Statement,312,classic,3,7241.77,15539.24,44637.06,85,228848,4.405,0.025,9893,45,F,1,Good
4533,81144,36,2254,Monthly Statement,275,classic,2,6366.25,15296.14,63035.13,119,228848,4.405,0.025,9893,54,F,1,Good
5133,57060,12,4755,Weekly Statement,415,classic,4,2341.5,9659.75,50740.85,196,228848,4.405,0.025,9893,51,M,1,Good
7424,30276,12,2523,Monthly Statement,498,NULL,4,2653.55,10809.4,53878.87,274,228848,4.405,0.025,9893,32,M,1,Good
7632,170448,48,3551,Monthly Statement,473,NULL,2,6590,7899.18,42927.04,161,228848,4.405,0.025,9893,54,F,1,Good
8564,76680,24,3195,Monthly Statement,545,NULL,3,5282.67,9683.49,54558.81,543,228848,4.405,0.025,9893,42,M,1,Good
9263,39576,12,3298,Monthly Statement,338,NULL,3,4411.43,5587.95,26055.66,238,228848,4.405,0.025,9893,33,F,1,Good
9307,41904,12,3492,Monthly Statement,603,NULL,3,3626.83,7649.53,58766.8,649,228848,4.405,0.025,9893,16,M,0,Good
10320,259740,60,4329,Monthly Statement,155,NULL,2,8371.4,8510.06,38296.06,441,228848,4.405,0.025,9893,11,M,1,Good
2994,48744,36,1354,Monthly Statement,134,classic,2,2285.5,6264.88,50284.93,212,148545,4.785,0.024,8909,32,F,1,Good
4268,41988,12,3499,Monthly Statement,622,NULL,2,5072.5,4460.52,38957.13,141,148545,4.785,0.024,8909,22,M,1,Good
4631,87528,24,3647,Per Transaction,366,classic,1,3647,8315.96,58287.48,133,148545,4.785,0.024,8909,43,M,1,Good
5228,173808,24,7242,Per Transaction,383,NULL,1,7242,15677.37,64091.72,454,148545,4.785,0.024,8909,37,F,1,Good
7181,49872,12,4156,Per Transaction,684,NULL,5,2027.5,6657.85,56545.9,296,148545,4.785,0.024,8909,31,F,1,Good
8321,89040,60,1484,Monthly Statement,392,NULL,2,4262.5,3375.12,36367.29,535,148545,4.785,0.024,8909,24,F,1,Good
290,123696,48,2577,Monthly Statement,336,NULL,3,2834.67,8497.66,53456.64,491,124605,4.835,0.024,8772,50,M,1,Good
1318,185544,36,5154,Monthly Statement,293,NULL,5,3670.4,6633.78,22717.74,57,124605,4.835,0.024,8772,55,M,1,Good
4260,244560,60,4076,Monthly Statement,258,NULL,2,8040.75,8956.28,30600.54,365,124605,4.835,0.024,8772,27,F,0,Good
4550,61320,60,1022,Monthly Statement,331,NULL,4,1041.5,2430.37,24398.91,176,124605,4.835,0.024,8772,50,F,1,Good
6051,276660,36,7685,Monthly Statement,314,NULL,1,7685,3617.04,16486.47,391,124605,4.835,0.024,8772,41,M,1,Bad
7559,12792,12,1066,Monthly Statement,413,NULL,2,2589,2509.3,35128.38,114,124605,4.835,0.024,8772,25,F,1,Good
9167,272220,60,4537,Monthly Statement,339,NULL,4,2729.82,7580.14,48846.99,190,124605,4.835,0.024,8772,57,F,1,Good
960,189060,60,3151,Per Transaction,203,classic,2,4545.5,11889.72,55426.47,369,149893,4.845,0.037,9753,36,F,1,Good
4650,402000,60,6700,Monthly Statement,315,NULL,3,3360.67,3093.84,24344.7,269,149893,4.845,0.037,9753,12,M,1,Good
5267,129312,24,5388,Monthly Statement,684,NULL,1,5388.5,12308.35,43747.96,233,149893,4.845,0.037,9753,24,F,1,Bad
5358,68340,60,1139,Monthly Statement,617,NULL,2,5165,8400.55,50175.32,267,149893,4.845,0.037,9753,40,M,1,Good
7454,63312,48,1319,Monthly Statement,402,NULL,3,1365.33,1556.71,17117.43,449,149893,4.845,0.037,9753,38,F,0,Good
8475,21072,24,878,Monthly Statement,135,NULL,3,1735.33,2002.94,31828.28,544,149893,4.845,0.037,9753,29,F,0,Good
10063,233424,36,6484,Weekly Statement,254,NULL,5,3649.34,9471.41,49418.36,232,149893,4.845,0.037,9753,34,M,1,Good
940,284280,60,4738,Monthly Statement,561,gold,1,4738,13575.52,72794.26,297,114006,4.925,0.036,9065,38,F,1,Good
2055,271260,60,4521,Monthly Statement,458,NULL,2,5682.5,4651.94,13352.83,99,114006,4.925,0.036,9065,24,M,1,Good
3754,68544,24,2856,Weekly Statement,258,NULL,5,1965.8,6847.79,49882.26,312,114006,4.925,0.036,9065,16,M,1,Good
3907,133848,24,5577,Monthly Statement,697,NULL,1,5577.3,10772.57,44806.23,173,114006,4.925,0.036,9065,38,F,1,Good
8127,155880,24,6495,Monthly Statement,641,classic,2,7399.9,12240.72,68464.94,392,114006,4.925,0.036,9065,28,F,1,Good
9235,83280,48,1735,Monthly Statement,628,classic,1,1735,4897.62,42475,286,114006,4.925,0.036,9065,55,F,1,Good
11069,119136,48,2482,Monthly Statement,641,NULL,1,2482,8930.72,54140.82,256,114006,4.925,0.036,9065,34,F,1,Good
97,102876,12,8573,Monthly Statement,462,classic,5,2487.6,4486.34,39814.61,274,323870,5.095,0.057,10673,52,M,1,Good
1242,128544,24,5356,Per Transaction,287,NULL,5,2879.94,7622.76,51192.2,230,323870,5.095,0.057,10673,46,F,1,Good
2080,214596,36,5961,Monthly Statement,138,classic,2,9794.5,16355.28,63789.81,128,323870,5.095,0.057,10673,56,M,1,Good
2912,380160,60,6336,Monthly Statement,579,classic,1,6336,15204.01,67985.42,369,323870,5.095,0.057,10673,42,M,1,Good
3249,68124,12,5677,Monthly Statement,320,NULL,2,6937,7099.59,37501.17,162,323870,5.095,0.057,10673,36,M,1,Good
3273,94512,12,7876,Monthly Statement,632,NULL,1,7876,15059.54,34594.55,260,323870,5.095,0.057,10673,41,M,1,Bad
3353,146064,24,6086,Monthly Statement,166,NULL,4,4293.55,8585.53,43421.25,230,323870,5.095,0.057,10673,44,F,1,Good
4342,100128,24,4172,Monthly Statement,589,classic,2,5153.5,10424.28,68942.87,245,323870,5.095,0.057,10673,50,F,1,Good
4413,221280,48,4610,Weekly Statement,389,NULL,2,6206,11057.84,37825.61,387,323870,5.095,0.057,10673,23,M,1,Good
5742,232560,48,4845,Per Transaction,164,NULL,1,4845,10118.79,49002.03,243,323870,5.095,0.057,10673,26,F,1,Good
6148,59760,24,2490,Monthly Statement,312,classic,2,5168.5,7037.15,62014.12,416,323870,5.095,0.057,10673,32,M,1,Good
6226,398640,60,6644,Weekly Statement,512,NULL,1,6643.7,14412.4,67899.04,401,323870,5.095,0.057,10673,35,F,1,Good
6363,17508,12,1459,Monthly Statement,450,gold,1,1459,4660.76,51932.17,354,323870,5.095,0.057,10673,45,M,0,Good
6510,76992,24,3208,Monthly Statement,139,classic,1,3207.8,10823.5,48684.29,164,323870,5.095,0.057,10673,28,M,1,Good
6924,194880,48,4060,Monthly Statement,552,junior,2,4322.25,7799.98,38530.31,376,323870,5.095,0.057,10673,12,M,1,Good
7753,51696,24,2154,Monthly Statement,396,classic,1,2153.8,12693.25,58674.81,500,323870,5.095,0.057,10673,26,F,1,Good
8566,230220,36,6395,Monthly Statement,356,NULL,3,5281.27,6777.68,32238.66,452,323870,5.095,0.057,10673,52,F,1,Bad
9241,285240,60,4754,Monthly Statement,267,NULL,2,4174.35,8281.74,41142.7,202,323870,5.095,0.057,10673,41,M,1,Good
9591,104712,24,4363,Monthly Statement,691,NULL,2,4254.35,9564.72,45250.42,457,323870,5.095,0.057,10673,46,M,1,Good
9750,151728,48,3161,Monthly Statement,271,NULL,1,3160.7,10353.19,47080.87,416,323870,5.095,0.057,10673,15,M,1,Bad
1528,191088,48,3981,Monthly Statement,408,NULL,1,3981,6226.96,32866.59,193,102609,5.14,0.021,8187,31,M,1,Good
2334,48312,24,2013,Monthly Statement,503,NULL,2,6360,5437.59,32698.88,214,102609,5.14,0.021,8187,35,M,1,Good
3562,174960,24,7290,Monthly Statement,674,NULL,1,7290.5,12685.58,65372.33,200,102609,5.14,0.021,8187,21,F,1,Good
4127,100800,24,4200,Monthly Statement,469,NULL,4,3898.8,4060.7,17675.37,142,102609,5.14,0.021,8187,55,M,1,Bad
4503,135360,48,2820,Monthly Statement,363,junior,1,2819.8,13284.48,58129.02,293,102609,5.14,0.021,8187,16,M,1,Good
5952,141240,24,5885,Monthly Statement,388,classic,5,3113.06,7783.76,63072.5,628,102609,5.14,0.021,8187,28,M,1,Good
6461,150912,36,4192,Monthly Statement,333,classic,1,4192.5,9953.65,55372.95,198,102609,5.14,0.021,8187,22,F,1,Good
7713,220440,60,3674,Weekly Statement,641,NULL,2,6045.85,8710.16,38540.57,149,102609,5.14,0.021,8187,42,F,1,Good
8225,36204,12,3017,Monthly Statement,478,NULL,1,3017.2,5035.86,26264.6,196,102609,5.14,0.021,8187,56,M,1,Bad
10857,385560,60,6426,Monthly Statement,424,NULL,1,6426.3,8534.55,23113.34,158,102609,5.14,0.021,8187,38,M,1,Bad
10940,197748,36,5493,Monthly Statement,163,NULL,2,6505,7667.82,47919.99,428,102609,5.14,0.021,8187,24,F,0,Good
11317,317460,60,5291,Monthly Statement,499,NULL,3,3974.6,13987.6,66468.51,155,102609,5.14,0.021,8187,19,M,1,Good
4320,51360,12,4280,Monthly Statement,382,NULL,1,4280,14682.24,47434.32,196,117897,5.25,0.018,8814,52,F,1,Bad
5628,225420,60,3757,Monthly Statement,312,NULL,1,3757,5256.88,34890.91,313,117897,5.25,0.018,8814,47,F,1,Good
6472,43164,12,3597,Monthly Statement,363,NULL,1,3597,12862.13,59798.34,381,117897,5.25,0.018,8814,19,F,1,Good
6686,116496,24,4854,Monthly Statement,684,NULL,1,4853.8,11411.33,38920.76,188,117897,5.25,0.018,8814,35,M,1,Good
9656,139536,24,5814,Monthly Statement,576,NULL,2,8267.25,11633.44,56452.65,481,117897,5.25,0.018,8814,54,F,1,Good
11359,54024,12,4502,Monthly Statement,675,classic,3,3091.43,7799.16,36105.77,378,117897,5.25,0.018,8814,24,M,1,Good
5362,202848,48,4226,Weekly Statement,349,NULL,3,6200.43,8158.71,29765.3,192,127369,5.305,0.026,8369,57,F,1,Good
9673,88200,36,2450,Monthly Statement,462,NULL,2,3067.1,5373.19,41158.96,116,127369,5.305,0.026,8369,50,M,1,Good
10065,311232,48,6484,Monthly Statement,542,classic,1,6483.7,15935.44,73529.32,263,127369,5.305,0.026,8369,51,F,1,Good
10650,196224,48,4088,Monthly Statement,168,gold,2,7222,17135.29,75639.47,94,127369,5.305,0.026,8369,44,M,1,Good
10799,31140,60,519,Monthly Statement,326,NULL,1,519,2243.92,35676.31,83,127369,5.305,0.026,8369,17,M,1,Good
5181,399120,60,6652,Monthly Statement,450,NULL,1,6652.5,6636.25,39458.02,154,138032,5.52,0.031,8819,55,F,1,Good
7857,68112,12,5676,Monthly Statement,532,NULL,4,3753,9235.26,53222.23,579,138032,5.52,0.031,8819,17,F,0,Good
10789,45768,12,3814,Monthly Statement,447,NULL,4,4439.18,11409.67,61220.06,286,138032,5.52,0.031,8819,49,M,1,Good
11135,182628,36,5073,Monthly Statement,142,NULL,2,4168.5,5049.23,39338.62,416,138032,5.52,0.031,8819,31,M,1,Good
347,187224,24,7801,Monthly Statement,504,NULL,1,7801.2,10410.83,43980.64,379,114200,5.73,0.021,8403,44,M,0,Bad
1012,98184,24,4091,Monthly Statement,111,NULL,1,4090.8,7505.29,39696.39,412,114200,5.73,0.021,8403,49,F,1,Good
1447,100080,48,2085,Monthly Statement,103,NULL,2,5147.35,4788.38,29367.42,127,114200,5.73,0.021,8403,32,F,1,Good
2456,200976,48,4187,Monthly Statement,219,NULL,2,6870.65,8711.73,40951.64,265,114200,5.73,0.021,8403,37,M,1,Good
9627,244368,48,5091,Per Transaction,488,NULL,1,5091.3,13069.85,63065.89,360,114200,5.73,0.021,8403,22,M,1,Good
10884,113544,36,3154,Monthly Statement,358,NULL,3,2962.67,6286.27,46865.74,363,114200,5.73,0.021,8403,49,M,1,Good
176,27456,12,2288,Weekly Statement,241,NULL,4,1746.32,10550.07,49256.09,274,161227,5.75,0.03,8678,26,M,1,Good
303,112752,36,3132,Monthly Statement,674,classic,2,3467.5,5550.9,47716.64,176,161227,5.75,0.03,8678,42,F,1,Good
1718,172272,24,7178,Monthly Statement,331,NULL,2,10817,16212.6,63374.01,83,161227,5.75,0.03,8678,51,M,1,Good
3166,177744,48,3703,Monthly Statement,511,classic,1,3702.8,9726.23,51253.59,427,161227,5.75,0.03,8678,19,M,0,Bad
7156,49488,24,2062,Monthly Statement,217,classic,1,2062,8529.94,45033.66,87,161227,5.75,0.03,8678,56,F,1,Good
10728,154656,48,3222,Monthly Statement,454,NULL,2,3544.25,6471.86,40462.32,333,161227,5.75,0.03,8678,35,M,1,Good
2176,299088,36,8308,Monthly Statement,419,NULL,3,4842.6,8654.49,34860.07,471,106054,6.16,0.03,8110,28,F,1,Bad
4858,335184,48,6983,Monthly Statement,401,NULL,1,6983.3,12024.74,31331.27,134,106054,6.16,0.03,8110,20,F,1,Bad
6158,247920,48,5165,Monthly Statement,271,NULL,1,5165.2,9098.56,48419.57,111,106054,6.16,0.03,8110,40,F,1,Bad
8094,220428,36,6123,Monthly Statement,166,NULL,2,5894,15601.56,58814.78,161,106054,6.16,0.03,8110,31,M,1,Good
10788,45768,12,3814,Weekly Statement,274,NULL,1,3813.7,6009.7,31357.28,373,106054,6.16,0.03,8110,17,F,0,Good
11362,129408,24,5392,Monthly Statement,440,NULL,5,2137.4,3866.31,30469.94,344,106054,6.16,0.03,8110,34,F,1,Good
2322,46320,24,1930,Monthly Statement,544,NULL,5,1722,6810.39,45504.96,460,133777,6.68,0.036,8705,13,M,1,Good
2413,17952,12,1496,Monthly Statement,344,NULL,2,3972,6096.6,31700.33,76,133777,6.68,0.036,8705,45,F,1,Good
4949,289920,48,6040,Monthly Statement,320,gold,1,6039.8,13441.24,64986.97,154,133777,6.68,0.036,8705,54,F,1,Good
11244,155760,24,6490,Monthly Statement,333,NULL,2,9322.25,11844.91,45722.24,170,133777,6.68,0.036,8705,49,F,1,Good
132,88440,12,7370,Per Transaction,179,classic,1,7370.2,12807.85,52603.14,198,128118,6.78,0.054,9317,51,F,1,Good
1811,239460,60,3991,Monthly Statement,274,NULL,3,4980.6,7174.26,35110.61,470,128118,6.78,0.054,9317,52,F,0,Good
3064,15420,12,1285,Monthly Statement,667,NULL,3,2484.67,2940.81,34505.82,512,128118,6.78,0.054,9317,30,F,0,Good
5313,300660,60,5011,Monthly Statement,304,NULL,4,3231.8,8247.93,49107.32,601,128118,6.78,0.054,9317,40,M,1,Good
7636,42384,12,3532,Monthly Statement,475,NULL,3,2311.33,6647.55,43748.84,205,128118,6.78,0.054,9317,56,F,1,Good
9006,186384,48,3883,Weekly Statement,645,NULL,2,4212,10415.23,56833.15,433,128118,6.78,0.054,9317,33,M,1,Good
1389,125472,24,5228,Monthly Statement,393,NULL,2,5801.85,10603.13,48904.23,126,125236,7.055,0.042,9675,54,M,1,Good
2228,185952,48,3874,Monthly Statement,375,NULL,2,4249.35,9030.53,46685.1,356,125236,7.055,0.042,9675,46,M,1,Good
3455,67464,12,5622,Monthly Statement,359,NULL,1,5622.5,12340.98,52673.52,190,125236,7.055,0.042,9675,57,M,1,Good
5442,174744,24,7281,Monthly Statement,452,junior,4,4619.58,8186.32,30541.96,530,125236,7.055,0.042,9675,16,F,0,Bad
6157,247920,48,5165,Monthly Statement,412,classic,2,7344.1,13585.46,59124.54,194,125236,7.055,0.042,9675,56,F,1,Good
6453,10944,36,304,Monthly Statement,659,NULL,4,763.5,1540.05,23022.6,226,125236,7.055,0.042,9675,43,M,1,Good
7861,21852,36,607,Monthly Statement,169,classic,5,1912.8,4174.14,56539.46,414,125236,7.055,0.042,9675,37,M,1,Good
10148,22104,12,1842,Monthly Statement,379,NULL,3,2637.67,4095.71,50942.98,157,125236,7.055,0.042,9675,33,F,1,Good
10807,67464,12,5622,Monthly Statement,359,NULL,1,5622.5,12352.04,55795.22,190,125236,7.055,0.042,9675,57,M,1,Good
226,109344,12,9112,Monthly Statement,504,classic,2,9020,7233.49,49698.99,129,285387,7.19,0.035,10177,54,F,1,Good
525,210384,48,4383,Monthly Statement,483,NULL,2,5418.35,9630.43,47845.26,188,285387,7.19,0.035,10177,41,F,1,Good
938,22260,60,371,Monthly Statement,159,NULL,2,1826.5,2251.9,30607.08,63,285387,7.19,0.035,10177,58,F,1,Good
1004,188532,36,5237,Monthly Statement,648,NULL,1,5237,14620.23,64388.99,210,285387,7.19,0.035,10177,23,F,1,Good
1928,55632,24,2318,Monthly Statement,644,NULL,1,2317.5,6178.5,30101.12,119,285387,7.19,0.035,10177,46,M,1,Good
2062,86184,12,7182,Monthly Statement,237,classic,3,3475.17,11799.43,47496.08,269,285387,7.19,0.035,10177,56,F,1,Good
2116,92400,12,7700,Monthly Statement,459,classic,3,4137.93,7329.52,42200.66,224,285387,7.19,0.035,10177,23,F,1,Good
2335,541200,60,9020,Monthly Statement,587,NULL,5,2857.2,3142.57,6690.55,329,285387,7.19,0.035,10177,51,F,1,Bad
2352,49440,60,824,Monthly Statement,464,NULL,4,1610.75,5092.53,53113.79,400,285387,7.19,0.035,10177,30,F,1,Good
4681,162624,48,3388,Monthly Statement,585,NULL,3,4306.33,6124.38,36298.75,294,285387,7.19,0.035,10177,39,F,1,Good
5622,83016,12,6918,Monthly Statement,632,junior,3,4606.1,9277.95,61408.27,565,285387,7.19,0.035,10177,12,M,0,Good
5794,123600,60,2060,Monthly Statement,297,NULL,1,2060,8432.14,42213.87,229,285387,7.19,0.035,10177,25,M,1,Good
7262,73260,60,1221,Monthly Statement,164,NULL,3,3332,5400.75,32637.26,190,285387,7.19,0.035,10177,57,F,1,Good
7907,97392,12,8116,Monthly Statement,400,NULL,2,7221.6,10202.35,55253.61,203,285387,7.19,0.035,10177,33,M,1,Good
8316,134784,24,5616,Monthly Statement,288,NULL,1,5616.2,10682.7,62731.97,422,285387,7.19,0.035,10177,55,F,1,Good
8505,42840,12,3570,Monthly Statement,265,NULL,1,3570,5202.13,35217.84,135,285387,7.19,0.035,10177,56,M,1,Good
8742,33144,12,2762,Monthly Statement,182,NULL,4,2288.5,3833.72,24695.89,203,285387,7.19,0.035,10177,18,F,1,Good
8972,45024,48,938,Monthly Statement,214,NULL,3,2571,5758.37,40796.03,247,285387,7.19,0.035,10177,40,F,1,Good
9017,100224,48,2088,Monthly Statement,125,NULL,1,2088,3813.97,15865.91,267,285387,7.19,0.035,10177,39,F,1,Bad
9422,86184,12,7182,Monthly Statement,237,classic,3,3475.17,11788.28,50556.81,269,285387,7.19,0.035,10177,56,F,1,Good
9633,59448,24,2477,Monthly Statement,539,NULL,1,2476.8,9646.73,48328.87,276,285387,7.19,0.035,10177,41,M,1,Bad
10202,305424,48,6363,Monthly Statement,346,NULL,3,4174.77,7444.95,42387.57,213,285387,7.19,0.035,10177,34,F,1,Good
10478,267600,48,5575,Weekly Statement,678,NULL,1,5575.3,11961.11,55270.81,193,285387,7.19,0.035,10177,40,F,1,Good
11138,89880,24,3745,Weekly Statement,154,classic,1,3744.7,16527.96,73259.42,325,285387,7.19,0.035,10177,29,M,1,Good
276,160920,36,4470,Monthly Statement,359,classic,2,4841.25,11168.13,50293.42,65,85852,7.655,0.032,8965,23,M,1,Good
1256,71064,36,1974,Monthly Statement,403,NULL,3,2867.33,4549.54,32609.14,409,85852,7.655,0.032,8965,49,F,1,Good
3112,123216,48,2567,Monthly Statement,561,junior,3,1873.1,10986.99,73383.99,439,85852,7.655,0.032,8965,19,F,1,Good
3143,130896,24,5454,Monthly Statement,574,NULL,2,4964,3598.55,36910.69,161,85852,7.655,0.032,8965,44,F,1,Good
3674,23628,12,1969,Monthly Statement,547,NULL,2,5735.85,12178.44,67867.18,570,85852,7.655,0.032,8965,37,M,1,Good
4354,327660,60,5461,Monthly Statement,660,classic,2,9108.65,11413.26,50955.28,143,85852,7.655,0.032,8965,57,F,1,Good
6273,87360,24,3640,Monthly Statement,321,classic,1,3639.5,9029.85,51558.5,398,85852,7.655,0.032,8965,28,M,1,Good
6555,212400,36,5900,Weekly Statement,391,NULL,1,5900,9688.58,62403.35,438,85852,7.655,0.032,8965,27,F,1,Good
6706,64860,60,1081,Monthly Statement,561,NULL,4,1137.25,3745.22,44139.58,180,85852,7.655,0.032,8965,19,F,1,Good
6985,96768,36,2688,Monthly Statement,364,NULL,2,7927.25,12966.32,59926.38,283,85852,7.655,0.032,8965,29,F,1,Good
7819,20832,48,434,Monthly Statement,550,NULL,5,1227.4,2197.58,20476.75,591,85852,7.655,0.032,8965,43,M,1,Good
9645,176148,36,4893,Monthly Statement,135,NULL,2,5038,11498.07,45596.19,230,85852,7.655,0.032,8965,33,F,1,Good
10215,44304,24,1846,Monthly Statement,314,NULL,3,2040,4074.93,57288.25,234,85852,7.655,0.032,8965,27,M,1,Good
789,73056,48,1522,Monthly Statement,290,NULL,3,1772,2022,17913.51,294,119895,8.37,0.04,10446,21,M,1,Good
3137,253560,60,4226,Monthly Statement,645,NULL,1,4226.5,10167.7,40490.78,126,119895,8.37,0.04,10446,47,F,1,Good
4423,73836,36,2051,Monthly Statement,188,classic,3,2447.67,8097.13,43375.65,335,119895,8.37,0.04,10446,28,F,1,Good
7485,91200,24,3800,Monthly Statement,231,NULL,2,7039.4,7871.54,32920.44,415,119895,8.37,0.04,10446,39,F,1,Good
10411,123408,24,5142,Per Transaction,384,gold,5,4004.8,7442.08,53253.45,322,119895,8.37,0.04,10446,28,M,1,Good